Player,S/C,Pos,GP,G,A,P,+/-,PIM,P/GP,EVG,EVP,PPG,PPP,SHG,SHP,OTG,GWG,S,S%,TOI/GP,FOW%
Leon Draisaitl,L,C,80,49,74,123,-2,20,1.54,28,72,20,50,1,1,2,12,247,19.8,22:32,52.6
Connor McDavid,L,C,73,39,72,111,-6,34,1.52,27,63,12,48,0,0,0,7,247,15.8,21:57,48.1
Nathan MacKinnon,R,C,77,37,66,103,17,12,1.34,23,66,14,37,0,0,2,4,354,10.5,21:10,43.7
Artemi Panarin,R,L,76,35,68,103,38,20,1.36,27,75,8,28,0,0,0,4,228,15.4,20:43,33.3
Brad Marchand,L,L,77,32,65,97,26,84,1.26,23,58,7,34,2,5,0,5,202,15.8,19:25,45.5
David Pastrnak,R,R,70,48,47,95,21,40,1.36,28,57,20,38,0,0,1,10,279,17.2,18:58,38.9
Patrick Kane,L,R,78,36,55,91,6,42,1.17,27,65,9,26,0,0,1,2,301,12,21:15,25
Auston Matthews,L,C,78,52,37,89,20,8,1.14,37,61,15,28,0,0,0,8,325,16,21:06,55.1
Jack Eichel,R,C,76,38,49,87,1,36,1.14,25,54,12,32,1,1,3,10,256,14.8,22:00,47.4
Nikita Kucherov,L,R,68,33,52,85,26,38,1.25,29,60,4,25,0,0,3,6,210,15.7,18:52,0
John Carlson,R,D,77,18,66,84,10,28,1.09,14,54,4,30,0,0,0,7,213,8.5,24:41,0
Mark Scheifele,R,C,78,32,51,83,1,45,1.06,22,60,10,23,0,0,2,7,191,16.8,21:57,47.4
Kyle Connor,L,L,78,42,40,82,5,36,1.05,30,61,11,19,1,2,1,7,256,16.4,21:00,15.4
Jonathan Huberdeau,L,L,73,24,58,82,5,36,1.12,18,51,6,31,0,0,1,3,157,15.3,18:38,39.3
J.T. Miller,L,C,76,29,52,81,8,55,1.07,20,49,9,30,0,2,1,4,175,16.6,19:57,58.3
Mitchell Marner,R,R,68,21,59,80,7,24,1.18,15,49,6,30,0,1,1,4,172,12.2,21:49,32.1
Mika Zibanejad,R,C,64,42,35,77,8,18,1.2,23,44,16,28,3,5,2,6,231,18.2,21:28,48.8
Evgeni Malkin,L,C,63,26,51,77,4,58,1.22,18,52,8,25,0,0,0,5,186,14,19:26,50.1
Mark Stone,R,R,72,23,51,74,21,36,1.03,17,53,6,20,0,1,0,5,183,12.6,19:21,37.7
Anze Kopitar,L,C,78,22,52,74,6,18,0.95,14,45,7,28,1,1,1,6,154,14.3,21:15,55.1
Max Pacioretty,L,L,78,38,35,73,24,48,0.94,29,53,9,20,0,0,2,6,339,11.2,17:53,52
Blake Wheeler,R,R,78,25,48,73,-2,45,0.94,19,45,5,26,1,2,0,2,200,12.5,19:26,49.9
Alex Ovechkin,R,L,72,49,23,72,-11,30,1,36,52,13,20,0,0,1,3,324,15.1,20:35,100
Steven Stamkos,R,C,62,31,41,72,16,24,1.16,20,51,11,21,0,0,0,6,192,16.2,18:27,55
Elias Pettersson,L,C,78,30,42,72,17,22,0.92,21,47,9,25,0,0,1,6,185,16.2,18:30,41.6
Sebastian Aho,L,C,72,39,30,69,12,26,0.96,27,46,8,18,4,5,0,6,215,18.1,19:26,45.7
Nikolaj Ehlers,L,L,78,30,39,69,24,30,0.88,25,61,4,7,1,1,1,6,227,13.2,16:31,0
Travis Konecny,R,R,74,29,40,69,4,28,0.93,22,44,7,25,0,0,0,4,154,18.8,16:42,47.2
Brayden Point,R,C,71,27,42,69,30,13,0.97,19,54,8,15,0,0,1,5,159,17,18:50,50.9
John Tavares,L,C,72,30,38,68,-6,28,0.94,19,42,11,26,0,0,3,5,224,13.4,19:24,55.9
Ryan Nugent-Hopkins,L,C,74,26,42,68,1,33,0.92,17,41,9,27,0,0,0,4,202,12.9,20:43,50.2
William Nylander,R,R,77,34,33,67,-4,16,0.87,24,46,10,21,0,0,1,7,215,15.8,18:00,50
Tomas Tatar,L,L,75,25,42,67,7,38,0.89,16,51,9,16,0,0,0,2,172,14.5,16:10,40
Mathew Barzal,R,C,75,22,45,67,7,62,0.89,18,53,4,14,0,0,0,2,188,11.7,20:00,42.6
Roman Josi,L,D,76,17,50,67,20,41,0.88,13,44,4,23,0,0,1,2,289,5.9,25:42,--
Patrik Laine,R,R,69,30,36,66,9,26,0.96,22,49,8,17,0,0,1,2,229,13.1,19:22,37.9
David Perron,R,L,78,28,38,66,0,58,0.85,18,37,10,29,0,0,4,10,185,15.1,18:15,30
Andrei Svechnikov,L,R,72,27,39,66,11,56,0.92,20,44,7,22,0,0,1,5,195,13.9,16:48,0
Johnny Gaudreau,L,L,76,22,44,66,-9,12,0.87,14,43,8,23,0,0,0,2,224,9.8,18:50,25
Aleksander Barkov,L,C,70,21,45,66,5,20,0.94,14,44,7,21,0,1,0,2,191,11,20:07,54.7
Ryan O'Reilly,L,C,78,13,53,66,10,16,0.85,10,46,2,19,1,1,1,3,135,9.6,20:35,56.5
Matthew Tkachuk,L,L,75,26,39,65,-4,81,0.87,19,43,7,22,0,0,2,4,215,12.1,18:27,0
Teuvo Teravainen,L,L,71,15,50,65,21,8,0.92,10,40,4,21,1,4,0,1,191,7.9,19:03,48.2
Jakub Voracek,L,R,77,13,52,65,16,37,0.84,9,45,4,20,0,0,1,3,145,9,16:56,37.5
Patrice Bergeron,R,C,68,36,28,64,24,30,0.94,20,37,14,25,2,2,1,5,235,15.3,18:40,58.6
Brayden Schenn,L,C,78,29,35,64,5,46,0.82,19,43,10,21,0,0,0,4,152,19.1,18:28,49.2
Nicklas Backstrom,L,C,69,16,48,64,-2,16,0.93,12,40,4,24,0,0,0,0,154,10.4,19:05,48.2
Quinn Hughes,L,D,78,9,55,64,-15,26,0.82,6,34,3,30,0,0,1,2,151,6,22:03,--
Bo Horvat,L,C,79,27,36,63,-17,23,0.8,12,43,15,20,0,0,0,2,200,13.5,19:35,57.3
Jaden Schwartz,L,L,78,24,39,63,9,20,0.81,15,42,9,21,0,0,1,4,176,13.6,18:11,45.5
Bryan Rust,R,R,63,29,33,62,13,30,0.98,20,41,8,19,1,2,2,4,177,16.4,19:43,30.8
Mike Hoffman,L,C,75,30,31,61,-6,28,0.81,19,40,11,21,0,0,0,3,227,13.2,16:36,41.2
Claude Giroux,R,C,77,22,39,61,12,32,0.79,14,36,7,23,1,2,0,6,208,10.6,18:56,58.9
Ryan Strome,R,C,77,20,41,61,23,50,0.79,17,43,3,17,0,1,0,3,172,11.6,19:34,47.4
Elias Lindholm,R,C,76,31,29,60,-9,28,0.79,22,36,9,24,0,0,1,8,186,16.7,19:50,48.6
Sean Couturier,L,C,71,22,38,60,22,30,0.85,18,47,4,13,0,0,1,4,186,11.8,19:33,59.5
Jonathan Toews,L,C,70,18,42,60,-2,48,0.86,16,51,1,8,1,1,3,3,172,10.5,19:47,57.3
Victor Hedman,L,D,71,12,48,60,25,33,0.85,8,35,4,25,0,0,0,3,171,7,24:12,--
Dylan Larkin,L,C,79,22,37,59,-24,48,0.75,17,43,5,16,0,0,0,0,249,8.8,21:14,52.4
Taylor Hall,L,L,73,17,42,59,-18,36,0.81,12,37,5,22,0,0,0,1,256,6.6,19:18,39.2
Cale Makar,R,D,65,12,47,59,16,14,0.91,8,34,4,25,0,0,0,4,136,8.8,21:15,--
Jakub Vrana,L,L,77,28,30,58,7,20,0.75,27,45,1,13,0,0,1,7,203,13.8,14:58,58.3
Reilly Smith,L,R,78,29,28,57,19,20,0.73,23,47,3,5,3,5,0,6,184,15.8,17:53,21.4
Kevin Fiala,L,L,72,26,31,57,-3,65,0.79,16,38,10,19,0,0,1,4,205,12.7,15:38,33.3
T.J. Oshie,R,R,77,28,28,56,5,34,0.73,16,41,12,15,0,0,1,4,148,18.9,18:18,48.9
Brock Nelson,L,C,75,28,28,56,4,36,0.75,22,47,6,9,0,0,3,6,189,14.8,18:47,51.8
Sam Reinhart,R,R,77,25,31,56,-22,20,0.73,18,41,7,15,0,0,0,3,163,15.3,20:38,36.4
Alex Pietrangelo,R,D,77,17,39,56,13,20,0.73,11,32,6,23,0,1,0,3,245,6.9,24:19,--
Sean Monahan,L,C,76,24,31,55,-15,27,0.72,15,36,9,19,0,0,1,6,182,13.2,18:12,52.7
Evgeny Kuznetsov,L,C,67,20,35,55,-1,44,0.82,14,42,6,13,0,0,0,0,140,14.3,17:42,43.2
Tyler Bertuzzi,L,L,79,25,29,54,-24,44,0.68,19,36,6,18,0,0,1,2,147,17,19:24,62.5
Timo Meier,L,R,78,23,31,54,-26,42,0.69,21,42,2,12,0,0,0,2,224,10.3,17:03,35
Brock Boeser,R,R,67,22,32,54,2,20,0.81,15,37,7,17,0,0,0,4,192,11.5,18:35,37.5
Sidney Crosby,L,C,49,19,35,54,-12,19,1.1,13,33,6,21,0,0,3,5,131,14.5,20:14,55.3
Tyler Toffoli,R,C,75,30,23,53,6,22,0.71,22,38,6,12,2,3,1,4,226,13.3,16:49,25
Shea Theodore,L,D,78,16,37,53,18,27,0.68,14,34,1,18,1,1,2,4,249,6.4,22:19,--
Tony DeAngelo,R,D,73,15,38,53,9,51,0.73,12,34,3,19,0,0,2,3,162,9.3,19:12,--
Ryan Suter,L,D,77,8,45,53,-7,12,0.69,6,34,2,19,0,0,0,2,126,6.4,24:24,--
Evander Kane,L,L,72,28,24,52,-17,142,0.72,11,29,15,21,2,2,0,6,236,11.9,19:25,52.8
Alex Killorn,L,L,73,27,25,52,20,26,0.71,19,39,8,13,0,0,0,7,143,18.9,17:55,25
Filip Forsberg,R,L,70,25,27,52,-7,35,0.74,17,37,8,15,0,0,0,3,221,11.3,17:33,33.3
Jonathan Marchessault,R,C,73,23,29,52,8,36,0.71,17,40,6,12,0,0,1,3,250,9.2,17:11,42.3
Pavel Buchnevich,L,R,75,18,34,52,2,24,0.69,14,42,4,10,0,0,0,2,166,10.8,17:12,17.2
Torey Krug,L,D,68,10,42,52,-2,39,0.76,7,22,3,30,0,0,2,4,159,6.3,20:42,--
Dominik Kubalik,L,L,76,32,19,51,1,20,0.67,26,39,6,12,0,0,0,3,183,17.5,14:29,31.6
Tom Wilson,R,R,74,25,26,51,-1,97,0.69,18,41,6,8,1,2,1,6,163,15.3,18:12,33.3
Andre Burakovsky,L,L,63,23,28,51,12,22,0.81,19,37,4,14,0,0,1,6,112,20.5,15:03,35.7
Eric Staal,L,C,74,21,30,51,-12,28,0.69,15,35,6,16,0,0,1,5,128,16.4,16:54,49.9
Alex DeBrincat,R,L,76,20,31,51,-11,17,0.67,8,31,12,20,0,0,1,4,224,8.9,17:34,34.8
Nick Schmaltz,R,C,78,14,37,51,3,20,0.65,11,36,3,15,0,0,0,3,116,12.1,15:35,44
Zach Parise,L,L,77,27,23,50,-12,10,0.65,14,30,12,19,1,1,0,5,182,14.8,17:18,49.6
Gabriel Landeskog,L,L,62,24,26,50,-1,53,0.81,18,34,6,16,0,0,1,6,172,14,20:01,56.5
Tanner Pearson,L,L,79,23,27,50,-2,41,0.63,18,37,3,10,2,3,0,3,185,12.4,16:19,22.2
Pierre-Luc Dubois,L,L,75,19,31,50,-4,51,0.67,18,40,1,10,0,0,2,5,165,11.5,17:42,45.3
Tyler Seguin,R,C,69,17,33,50,-2,22,0.72,14,35,3,15,0,0,3,6,245,6.9,19:09,58.2
Phillip Danault,L,C,78,13,37,50,20,36,0.64,12,46,1,4,0,0,0,1,134,9.7,18:37,54.3
Neal Pionk,R,D,78,6,44,50,9,32,0.64,3,24,3,26,0,0,0,1,188,3.2,23:19,--
Evgenii Dadonov,L,R,77,26,23,49,-11,10,0.64,15,31,11,18,0,0,0,2,185,14.1,17:06,0
Kevin Hayes,L,C,77,26,23,49,-4,34,0.64,18,37,4,8,4,4,2,5,192,13.5,17:49,50
Mikko Rantanen,L,R,50,25,24,49,1,14,0.98,14,31,11,18,0,0,0,6,137,18.3,19:05,59.8
Victor Olofsson,L,L,62,23,26,49,-5,6,0.79,10,27,13,22,0,0,1,4,152,15.1,18:14,50
Brady Tkachuk,L,L,79,23,26,49,-18,122,0.62,21,40,2,9,0,0,1,3,294,7.8,18:47,45.8
William Karlsson,L,C,70,17,32,49,12,16,0.7,13,36,2,8,2,5,0,2,152,11.2,18:54,52
Brent Burns,R,D,78,14,35,49,-25,42,0.63,8,29,6,19,0,1,1,2,251,5.6,25:37,--
Brendan Gallagher,R,R,66,25,23,48,11,31,0.73,23,42,2,6,0,0,0,2,254,9.8,16:43,46.2
Kyle Palmieri,R,R,72,25,23,48,-3,45,0.67,14,28,11,20,0,0,1,3,174,14.4,17:16,31.7
James van Riemsdyk,L,L,74,24,24,48,3,10,0.65,16,35,8,13,0,0,0,2,171,14,14:57,34.8
Jake Guentzel,L,L,47,22,26,48,5,20,1.02,15,36,7,12,0,0,1,5,144,15.3,20:35,45.8
Clayton Keller,L,R,78,19,29,48,-4,32,0.62,17,33,2,15,0,0,0,2,204,9.3,16:20,36
Alex Iafallo,L,L,78,19,29,48,1,14,0.62,12,37,7,11,0,0,2,3,164,11.6,19:07,47.8
Anthony Cirelli,L,C,73,17,31,48,31,30,0.66,15,41,1,5,1,2,1,3,125,13.6,18:26,47.5
Mikael Backlund,L,C,76,17,31,48,0,30,0.63,11,34,3,11,3,3,0,3,166,10.2,17:47,47.7
Nick Suzuki,R,C,78,15,33,48,-13,14,0.62,8,29,7,18,0,1,0,1,155,9.7,16:08,45.6
Jeff Petry,R,D,78,13,35,48,-2,26,0.62,8,30,4,16,1,2,2,3,174,7.5,23:29,--
David Krejci,R,C,68,13,35,48,14,27,0.71,10,31,3,17,0,0,1,3,94,13.8,17:18,50.9
Keith Yandle,L,D,73,6,42,48,1,24,0.66,4,25,2,23,0,0,0,0,137,4.4,19:31,0
Chris Kreider,L,L,70,26,21,47,10,64,0.67,16,33,10,14,0,0,0,5,167,15.6,17:17,41.2
Anders Lee,L,L,75,23,24,47,9,51,0.63,19,38,4,9,0,0,1,6,218,10.6,18:15,45.5
Max Domi,L,C,79,18,29,47,-8,39,0.59,16,35,2,12,0,0,2,3,192,9.4,16:57,48.8
Kris Letang,R,D,69,15,32,47,-2,44,0.68,9,31,6,16,0,0,0,2,198,7.6,25:52,--
Adam Fox,R,D,77,9,38,47,23,34,0.61,7,30,2,17,0,0,0,4,142,6.3,19:22,--
Conor Garland,R,R,76,25,21,46,4,28,0.61,20,34,5,12,0,0,0,5,190,13.2,14:29,33.3
Connor Brown,R,R,79,16,30,46,-8,26,0.58,13,40,3,4,0,2,0,1,188,8.5,19:58,41.1
Robert Thomas,R,C,73,10,36,46,11,22,0.63,9,39,1,7,0,0,0,2,90,11.1,14:31,43.2
Adam Henrique,L,C,79,27,18,45,-4,22,0.57,22,36,5,9,0,0,0,1,182,14.8,16:54,55.2
Jean-Gabriel Pageau,R,C,74,27,18,45,3,51,0.61,19,28,5,11,3,6,1,6,157,17.2,18:56,54.3
Anthony Duclair,L,L,70,23,22,45,0,20,0.64,16,35,5,8,2,2,2,2,194,11.9,16:20,50
Christian Dvorak,L,C,78,21,24,45,4,16,0.58,13,32,8,13,0,0,1,3,148,14.2,16:51,55.2
Ondrej Palat,L,L,74,20,25,45,25,24,0.61,13,34,6,10,1,1,0,2,135,14.8,16:15,33.3
Logan Couture,L,C,60,19,26,45,0,20,0.75,18,32,1,11,0,2,3,3,148,12.8,18:42,45.8
Matt Duchene,L,C,73,13,32,45,-6,26,0.62,8,33,5,12,0,0,0,1,155,8.4,16:53,55.8
Nikita Gusev,R,L,73,13,32,45,-19,12,0.62,8,30,5,15,0,0,0,2,176,7.4,14:39,33.3
Ryan Getzlaf,R,C,77,13,32,45,-16,62,0.58,10,36,3,9,0,0,1,5,154,8.4,18:32,51
Jason Zucker,L,L,68,21,23,44,-6,25,0.65,14,32,7,12,0,0,0,4,124,16.9,16:24,30.2
Paul Stastny,L,C,78,19,25,44,14,26,0.56,13,32,6,11,0,1,1,4,151,12.6,17:12,54.7
Jordan Eberle,R,R,65,18,26,44,1,14,0.68,13,31,5,13,0,0,0,2,154,11.7,17:43,33.3
Rickard Rakell,R,L,73,16,28,44,-9,12,0.6,13,32,3,9,0,3,1,3,210,7.6,18:05,58.8
Josh Bailey,L,R,75,14,30,44,-13,12,0.59,11,34,2,9,1,1,0,2,106,13.2,16:59,50.6
Aaron Ekblad,R,D,71,6,38,44,13,28,0.62,6,36,0,7,0,1,1,1,159,3.8,23:12,--
Zach Werenski,L,D,71,21,22,43,4,17,0.61,15,28,5,14,1,1,2,4,209,10.1,24:04,--
Tomas Hertl,L,C,56,19,24,43,-24,18,0.77,13,30,4,11,2,2,0,1,131,14.5,18:41,54
Phil Kessel,R,R,78,18,25,43,-25,22,0.55,8,24,10,19,0,0,0,2,173,10.4,17:07,27.3
Dougie Hamilton,R,D,51,14,29,43,32,37,0.84,12,28,2,14,0,1,2,3,180,7.8,23:10,--
Dylan Strome,L,C,66,14,29,43,-2,20,0.65,10,31,4,12,0,0,0,2,112,12.5,16:04,48.3
Thomas Chabot,L,D,79,8,35,43,-21,56,0.54,7,31,1,12,0,0,0,0,204,3.9,25:48,--
Erik Karlsson,R,D,64,6,37,43,-23,18,0.67,4,28,1,14,1,1,0,0,132,4.6,24:49,--
Oliver Bjorkstrand,R,R,57,23,19,42,6,31,0.74,20,35,3,7,0,0,0,5,182,12.6,17:59,35
Jakob Silfverberg,R,R,74,23,19,42,-3,20,0.57,17,33,4,7,2,2,0,1,169,13.6,17:34,21.3
Nazem Kadri,L,C,59,22,20,42,2,105,0.71,16,28,6,14,0,0,0,2,163,13.5,17:20,56.9
Anthony Mantha,L,R,51,17,25,42,-17,34,0.82,10,32,7,10,0,0,0,3,154,11,18:45,43.8
Gustav Nyquist,L,C,70,15,27,42,4,16,0.6,11,32,3,9,1,1,1,3,151,9.9,18:02,51.5
Tyson Barrie,R,D,79,5,37,42,-14,16,0.53,4,28,1,14,0,0,0,0,185,2.7,21:46,--
Dustin Brown,R,R,74,20,21,41,-1,30,0.55,16,32,4,9,0,0,0,1,184,10.9,18:13,43.8
Charlie Coyle,R,C,77,18,23,41,8,25,0.53,15,34,1,5,2,2,0,3,155,11.6,16:52,46.6
Shea Weber,R,D,72,17,24,41,8,39,0.57,12,28,5,13,0,0,0,3,200,8.5,24:00,--
Lars Eller,L,C,76,17,24,41,2,52,0.54,14,33,2,6,1,2,1,1,159,10.7,17:00,52.2
Ivan Provorov,L,D,77,15,26,41,16,26,0.53,8,21,7,19,0,1,1,4,161,9.3,24:57,--
Vincent Trocheck,R,C,66,13,28,41,-7,51,0.62,10,32,2,8,1,1,1,2,154,8.4,16:47,52.1
Drew Doughty,R,D,75,10,31,41,-19,40,0.55,3,22,7,18,0,1,2,2,158,6.3,26:01,--
Rasmus Dahlin,L,D,67,4,37,41,-14,40,0.61,2,21,2,20,0,0,0,1,115,3.5,19:18,--
Zach Hyman,R,L,60,22,18,40,16,33,0.67,17,31,4,8,1,1,0,1,128,17.2,19:11,42.1
Joe Pavelski,R,C,71,18,22,40,10,35,0.56,9,21,9,18,0,1,2,5,135,13.3,17:07,53.5
Anthony Beauvillier,L,L,73,18,22,40,-13,15,0.55,14,31,3,8,1,1,2,3,136,13.2,17:05,64.3
Jared McCann,L,C,74,16,24,40,8,19,0.54,13,33,3,7,0,0,1,4,163,9.8,14:59,46.1
Chris Tierney,L,C,79,14,26,40,-8,24,0.51,9,33,1,2,4,5,1,3,111,12.6,17:04,50.6
Darnell Nurse,L,D,80,6,34,40,2,58,0.5,6,32,0,8,0,0,0,1,191,3.1,23:31,--
Samuel Girard,L,D,78,5,35,40,3,23,0.51,4,23,1,17,0,0,0,1,112,4.5,21:12,--
Jamie Benn,L,L,70,19,20,39,-4,55,0.56,11,25,8,14,0,0,2,4,165,11.5,16:22,55.5
Kasperi Kapanen,R,R,74,14,25,39,2,22,0.53,12,34,0,3,2,2,1,2,128,10.9,15:41,13.3
John Klingberg,R,D,62,8,31,39,-7,24,0.63,5,17,3,22,0,0,0,0,127,6.3,22:04,--
Ryan Ellis,R,D,56,8,31,39,14,19,0.7,6,30,2,9,0,0,2,3,134,6,23:35,--
Miro Heiskanen,L,D,72,8,31,39,14,12,0.54,8,30,0,9,0,0,0,0,168,4.8,23:42,--
Brandon Saad,L,L,66,24,14,38,-3,22,0.58,21,35,1,1,2,2,0,5,149,16.1,16:26,39.1
Roope Hintz,L,L,62,20,18,38,2,16,0.61,14,17,4,19,2,2,1,5,121,16.5,14:51,49.9
Joonas Donskoi,R,R,73,19,19,38,4,26,0.52,14,31,5,7,0,0,0,2,119,16,15:49,44
Alexander Radulov,L,R,64,17,21,38,11,50,0.59,9,25,8,13,0,0,0,3,138,12.3,16:47,31.3
Martin Necas,R,C,68,17,21,38,-4,20,0.56,12,28,5,10,0,0,1,4,98,17.4,14:18,27.8
Kevin Labanc,R,R,78,15,23,38,-34,42,0.49,12,29,3,9,0,0,0,3,200,7.5,16:02,16.7
Ryan Johansen,R,C,75,14,24,38,-5,49,0.51,10,26,3,11,1,1,0,2,113,12.4,17:15,53.6
Patric Hornqvist,R,R,56,21,16,37,10,36,0.66,16,27,5,10,0,0,0,2,181,11.6,15:50,28.6
Nick Bonino,L,C,75,19,18,37,13,18,0.49,17,35,2,2,0,0,0,3,120,15.8,16:41,53.3
Jake Virtanen,R,R,78,19,18,37,-3,47,0.47,13,28,6,9,0,0,0,6,164,11.6,12:57,31.6
Zack Kassian,R,R,67,16,21,37,-2,73,0.55,16,37,0,0,0,0,0,1,110,14.6,15:30,33.3
Tyler Ennis,L,C,74,16,21,37,-10,20,0.5,11,27,5,10,0,0,0,1,161,9.9,14:27,46.7
Mats Zuccarello,L,R,65,15,22,37,-9,18,0.57,12,30,3,7,0,0,0,2,96,15.6,15:56,64.3
Adrian Kempe,L,C,77,14,23,37,-11,33,0.48,9,21,3,12,2,4,1,3,170,8.2,16:13,40.7
Derick Brassard,L,C,74,11,26,37,0,16,0.5,8,26,3,11,0,0,0,1,118,9.3,13:56,53.7
Rasmus Ristolainen,R,D,77,7,30,37,1,52,0.48,5,24,2,12,0,1,0,0,141,5,22:47,--
Jaccob Slavin,L,D,71,6,31,37,33,10,0.52,6,33,0,3,0,1,1,3,150,4,23:22,--
Charlie McAvoy,R,D,74,5,32,37,24,49,0.5,4,30,1,5,0,2,1,1,110,4.6,23:21,--
Denis Gurianov,L,R,68,23,13,36,6,15,0.53,14,21,9,15,0,0,0,4,147,15.7,13:09,--
Jake DeBrusk,L,L,71,19,17,36,-2,14,0.51,12,26,7,10,0,0,0,5,170,11.2,15:53,37.9
Nico Hischier,L,C,58,14,22,36,-16,12,0.62,11,24,2,10,1,2,0,1,123,11.4,18:04,51.7
Joel Eriksson Ek,L,C,70,13,23,36,15,24,0.51,12,33,1,2,0,1,0,5,126,10.3,15:53,45.7
Ryan Pulock,R,D,75,10,26,36,8,16,0.48,7,28,3,8,0,0,1,3,176,5.7,22:25,--
Filip Hronek,R,D,73,9,27,36,-41,50,0.49,8,23,1,13,0,0,0,0,141,6.4,23:55,--
Blake Coleman,L,C,70,23,12,35,2,58,0.5,19,28,1,3,3,4,0,3,210,11,16:37,31.5
Craig Smith,R,C,75,20,15,35,20,38,0.47,16,28,4,7,0,0,1,4,204,9.8,13:33,50
Joel Armia,R,R,63,18,17,35,8,30,0.56,11,25,3,4,4,6,0,2,162,11.1,16:52,26.7
Frank Vatrano,L,C,73,17,18,35,-7,32,0.48,13,31,2,2,2,2,1,5,175,9.7,14:58,29.3
Carl Soderberg,L,C,73,17,18,35,7,22,0.48,11,24,6,11,0,0,0,1,136,12.5,15:48,45.6
Calle Jarnkrok,R,C,67,16,19,35,5,14,0.52,12,24,2,9,2,2,0,1,139,11.5,15:46,48
Andrew Copp,L,C,70,14,21,35,0,12,0.5,12,30,2,2,0,3,0,5,146,9.6,17:45,52.6
Nick Foligno,L,L,75,13,22,35,-3,71,0.47,10,28,3,5,0,2,0,1,143,9.1,18:30,50
Mikhail Sergachev,L,D,75,10,25,35,18,62,0.47,4,21,5,13,1,1,0,0,124,8.1,20:32,--
Jordan Greenway,L,L,75,9,26,35,10,66,0.47,9,32,0,3,0,0,0,1,104,8.7,14:16,54.8
Kevin Shattenkirk,R,D,78,8,27,35,20,50,0.45,7,28,1,7,0,0,0,0,143,5.6,19:21,--
Mattias Ekholm,L,D,75,8,27,35,2,32,0.47,7,28,0,5,1,2,0,2,167,4.8,23:13,--
Alexander Edler,L,D,68,5,30,35,15,70,0.51,4,28,1,7,0,0,0,1,135,3.7,22:11,--
Adam Gaudette,R,C,66,13,21,34,-12,43,0.52,9,22,4,12,0,0,0,1,91,14.3,12:09,41.2
Pavel Zacha,L,C,72,10,24,34,-13,16,0.47,5,22,3,8,2,4,0,1,110,9.1,16:18,43.2
Mark Giordano,L,D,66,6,28,34,0,34,0.52,3,19,3,13,0,2,0,0,171,3.5,23:40,--
Erik Gustafsson,L,D,73,6,28,34,-10,27,0.47,4,23,2,11,0,0,0,0,110,5.5,20:08,--
Oscar Klefbom,L,D,62,5,29,34,-17,24,0.55,3,16,2,18,0,0,0,0,159,3.1,25:25,--
Josh Morrissey,L,D,72,5,29,34,4,26,0.47,4,21,1,13,0,0,0,0,131,3.8,22:59,--
Morgan Rielly,L,D,56,4,30,34,3,28,0.61,4,24,0,10,0,0,2,3,143,2.8,24:04,0
Brett Connolly,R,R,73,19,14,33,-2,26,0.45,15,27,4,6,0,0,0,3,119,16,14:20,35.3
Mikael Granlund,L,C,67,19,14,33,-3,28,0.49,14,26,4,6,1,1,2,4,142,13.4,17:57,49.4
Jeff Carter,R,C,68,18,15,33,-22,40,0.49,15,27,3,6,0,0,1,7,207,8.7,16:58,50.8
Luke Kunin,R,C,70,17,16,33,-11,57,0.47,16,30,0,2,1,1,0,1,140,12.1,15:20,44.4
Andrew Mangiapane,L,L,74,17,16,33,2,20,0.45,17,31,0,2,0,0,0,2,118,14.4,13:54,25.5
Viktor Arvidsson,R,R,64,16,17,33,-2,30,0.52,11,23,5,10,0,0,0,1,154,10.4,16:29,48
Robby Fabbri,L,C,63,16,17,33,-31,20,0.52,10,24,6,9,0,0,0,4,115,13.9,16:07,37
Jared Spurgeon,R,D,70,12,21,33,-3,18,0.47,9,20,3,13,0,0,0,2,125,9.6,22:40,0
Yanni Gourde,L,C,75,11,22,33,-3,49,0.44,8,24,1,6,2,3,1,5,118,9.3,14:09,53.1
Marcus Johansson,L,C,68,11,22,33,-12,24,0.49,10,27,1,6,0,0,2,2,96,11.5,17:05,39.8
Rocco Grimaldi,R,R,70,11,22,33,8,12,0.47,11,33,0,0,0,0,0,1,126,8.7,12:38,16.7
Kyle Turris,R,C,71,10,23,33,-17,26,0.46,8,23,2,10,0,0,0,4,99,10.1,15:18,47.8
Oliver Ekman-Larsson,L,D,68,9,24,33,-2,40,0.49,6,24,2,8,1,1,0,1,139,6.5,22:54,--
Devon Toews,L,D,76,9,24,33,3,18,0.43,6,24,3,9,0,0,1,1,136,6.6,20:41,--
Damon Severson,R,D,76,9,24,33,-20,58,0.43,6,23,3,10,0,0,0,2,130,6.9,23:02,--
Nate Schmidt,L,D,69,8,25,33,14,12,0.48,7,26,1,7,0,0,0,0,126,6.4,21:38,--
Matt Niskanen,R,D,68,8,25,33,15,29,0.49,3,19,4,13,1,1,0,0,126,6.4,21:54,--
Joe Thornton,L,C,75,8,25,33,-20,36,0.44,5,24,3,9,0,0,0,1,83,9.6,15:30,49.2
Alex Goligoski,L,D,78,4,29,33,8,26,0.42,2,22,2,11,0,0,0,0,110,3.6,22:55,--
James Neal,L,L,59,19,13,32,-21,12,0.54,7,15,12,17,0,0,0,2,125,15.2,16:04,36.4
Vladislav Namestnikov,L,C,73,18,14,32,-13,47,0.44,12,22,2,4,4,6,0,2,110,16.4,15:06,46
Jesper Bratt,L,L,61,16,16,32,-6,6,0.52,15,26,1,6,0,0,0,2,103,15.5,14:06,23.1
Tyler Johnson,R,C,69,14,18,32,8,16,0.46,13,25,1,7,0,0,1,2,122,11.5,14:36,48.2
Kailer Yamamoto,R,R,36,14,18,32,21,18,0.89,12,29,2,2,0,1,0,0,59,23.7,16:59,50
Jakob Chychrun,L,D,71,13,19,32,4,44,0.45,8,22,5,10,0,0,0,3,170,7.7,22:23,--
Dominik Kahun,L,C,65,12,20,32,10,8,0.49,11,30,1,2,0,0,0,2,104,11.5,13:18,48.4
J.T. Compher,R,L,75,11,21,32,8,24,0.43,10,23,1,6,0,3,1,3,110,10,16:33,46.7
Alexander Kerfoot,L,C,74,10,22,32,-2,40,0.43,9,28,1,4,0,0,0,1,104,9.6,14:44,46.9
Jonas Brodin,L,D,77,3,29,32,17,26,0.42,3,29,0,1,0,2,0,0,117,2.6,21:43,--
Duncan Keith,L,D,69,3,29,32,-1,30,0.46,1,18,2,14,0,0,0,0,122,2.5,24:13,--
Zach Sanford,L,L,65,16,15,31,11,30,0.48,15,30,1,1,0,0,0,3,99,16.2,13:56,18.2
Andreas Athanasiou,L,C,62,14,17,31,-46,30,0.5,11,23,3,8,0,0,0,2,136,10.3,15:34,42.9
Nino Niederreiter,L,R,71,13,18,31,-1,44,0.44,9,20,4,11,0,0,0,3,125,10.4,14:52,25
Tyler Bozak,R,C,74,13,18,31,-1,12,0.42,10,26,2,4,1,1,0,2,111,11.7,15:07,55
Cam Fowler,L,D,67,10,21,31,-3,22,0.46,8,22,2,9,0,0,0,2,127,7.9,21:57,--
Colton Parayko,R,D,71,10,21,31,8,26,0.44,7,25,3,5,0,1,1,1,176,5.7,23:10,--
Seth Jones,R,D,64,6,25,31,3,24,0.48,4,21,2,9,0,1,0,0,142,4.2,25:21,--
Scott Laughton,L,C,57,13,17,30,13,32,0.53,13,30,0,0,0,0,0,2,83,15.7,14:42,51.3
Warren Foegele,L,L,71,13,17,30,7,40,0.42,10,27,0,0,3,3,0,1,137,9.5,13:42,46.2
Derek Stepan,R,C,77,11,19,30,-10,20,0.39,9,21,1,8,1,1,1,2,174,6.3,17:29,47.9
Jason Spezza,R,C,66,10,20,30,-3,24,0.45,8,21,2,9,0,0,0,0,81,12.4,10:38,55.7
Derek Ryan,R,C,74,10,20,30,10,14,0.41,8,24,1,4,1,2,0,0,105,9.5,14:15,52.5
Ryan Dzingel,L,C,68,9,21,30,2,32,0.44,4,20,5,10,0,0,0,1,100,9,14:04,31
Valeri Nichushkin,L,R,73,14,15,29,24,14,0.4,11,26,1,1,2,2,0,4,119,11.8,13:56,40
Artturi Lehkonen,L,L,77,14,15,29,1,26,0.38,12,27,0,0,2,2,0,1,149,9.4,15:14,50
Cam Atkinson,R,R,52,13,16,29,-2,6,0.56,9,19,3,9,1,1,1,2,166,7.8,17:41,45
Boone Jenner,L,C,78,13,16,29,-17,36,0.37,11,24,2,4,0,1,0,1,193,6.7,18:03,55
Danton Heinen,L,L,75,12,17,29,0,10,0.39,8,22,4,7,0,0,0,3,126,9.5,14:27,35.7
Jack Roslovic,R,C,72,12,17,29,4,12,0.4,11,27,1,2,0,0,0,0,117,10.3,14:53,47.4
Jesper Fast,R,R,72,12,17,29,15,20,0.4,10,27,0,0,2,2,0,1,87,13.8,16:35,32.1
Chandler Stephenson,L,C,72,12,17,29,28,16,0.4,9,24,1,2,2,3,1,6,79,15.2,14:30,46.4
Ryan Donato,L,C,70,17,11,28,-1,14,0.4,16,24,1,4,0,0,0,1,114,14.9,11:08,40.7
Miles Wood,L,L,75,14,14,28,-16,66,0.37,13,27,1,1,0,0,0,2,156,9,13:22,0
Brandon Tanev,L,L,76,13,15,28,-2,18,0.37,11,24,0,1,2,3,2,4,104,12.5,14:40,41.2
Marcus Foligno,L,L,67,12,16,28,13,39,0.42,12,28,0,0,0,0,0,0,95,12.6,14:33,35.7
Lucas Wallmark,L,C,72,12,16,28,0,20,0.39,9,18,3,8,0,2,0,0,87,13.8,12:58,49.7
Nick Cousins,L,C,72,11,17,28,1,43,0.39,8,23,3,5,0,0,0,0,124,8.9,13:39,48.7
Wayne Simmonds,R,R,77,11,17,28,-27,83,0.36,4,17,7,11,0,0,0,1,131,8.4,14:21,39.7
Ivan Barbashev,L,C,76,11,17,28,5,25,0.37,9,25,0,0,2,3,0,2,81,13.6,13:17,45.5
Jack Hughes,L,C,68,10,18,28,-25,10,0.41,5,17,5,11,0,0,1,3,136,7.4,16:15,36.2
Jordan Staal,L,C,70,8,20,28,4,40,0.4,6,25,2,3,0,0,0,0,129,6.2,17:30,54.6
Barclay Goodrow,L,C,75,8,20,28,-6,101,0.37,8,25,0,2,0,1,0,2,107,7.5,15:52,48.7
Jacob Trouba,R,D,77,7,21,28,-12,63,0.36,3,18,4,8,0,2,0,1,180,3.9,22:29,--
Noel Acciari,R,C,70,20,7,27,4,21,0.39,19,26,0,0,1,1,0,5,110,18.2,15:56,47.7
Derek Grant,L,C,64,15,12,27,2,34,0.42,10,20,2,2,3,5,0,5,103,14.6,14:09,51.2
Nick Ritchie,L,L,55,12,15,27,-1,101,0.49,7,19,5,8,0,0,0,2,93,12.9,14:17,11.1
Travis Zajac,R,C,76,11,16,27,-13,30,0.36,9,23,1,1,1,3,0,1,82,13.4,17:04,51.8
Teddy Blueger,L,C,77,11,16,27,2,25,0.35,10,24,0,0,1,3,0,2,108,10.2,15:29,45.2
Ryan Graves,L,D,76,9,18,27,37,63,0.36,9,25,0,0,0,2,0,0,146,6.2,18:46,--
Travis Sanheim,L,D,77,9,18,27,4,34,0.35,9,23,0,4,0,0,0,0,120,7.5,20:22,--
Matt Dumba,R,D,77,8,19,27,-8,49,0.35,7,18,1,8,0,1,1,1,187,4.3,22:24,--
Rasmus Andersson,R,D,76,7,20,27,-7,59,0.36,6,20,1,7,0,0,0,0,137,5.1,20:02,--
Dmitry Orlov,L,D,73,4,23,27,1,38,0.37,3,21,1,5,0,1,1,2,107,3.7,22:06,--
Ian Cole,L,D,72,4,23,27,26,38,0.38,4,27,0,0,0,0,0,1,96,4.2,17:34,--
Filip Chytil,L,C,65,16,10,26,-4,10,0.4,15,23,1,3,0,0,0,2,126,12.7,14:42,38.4
Lawson Crouse,L,L,74,15,11,26,-3,35,0.35,14,24,0,1,1,1,0,3,118,12.7,13:37,50
Conor Sheary,L,L,69,12,14,26,-6,14,0.38,11,23,1,3,0,0,0,1,106,11.3,12:53,33.3
Erik Haula,L,L,55,12,14,26,4,26,0.47,8,18,4,8,0,0,0,2,100,12,15:45,54.1
Matt Calvert,L,L,56,12,14,26,12,39,0.46,9,22,0,0,3,4,0,1,96,12.5,14:10,44.4
Joel Farabee,L,L,60,10,16,26,6,41,0.43,9,22,1,4,0,0,0,2,98,10.2,14:08,33.3
Ilya Kovalchuk,R,L,46,10,16,26,-4,18,0.57,8,21,2,5,0,0,2,3,115,8.7,16:58,33.3
Alex Nylander,R,L,65,10,16,26,-2,10,0.4,10,24,0,2,0,0,0,1,94,10.6,12:08,26.3
Carl Hagelin,L,L,66,8,18,26,15,18,0.39,7,23,0,0,1,3,0,2,118,6.8,14:28,39.4
Jake Muzzin,L,D,62,7,19,26,15,46,0.42,7,24,0,1,0,1,0,1,117,6,21:38,--
Tyler Myers,R,D,78,7,19,26,-8,74,0.33,4,17,1,7,2,2,0,1,150,4.7,21:32,--
John Marino,R,D,64,6,20,26,12,22,0.41,5,22,1,4,0,0,0,0,65,9.2,20:32,--
Sean Walker,R,D,77,5,21,26,-14,28,0.34,5,20,0,6,0,0,0,0,134,3.7,18:36,--
Jake Gardiner,L,D,72,4,22,26,-22,30,0.36,3,14,1,12,0,0,1,2,91,4.4,16:39,--
Oskar Sundqvist,R,C,64,14,11,25,6,34,0.39,13,23,0,0,1,2,0,1,103,13.6,14:24,44.5
Kaapo Kakko,L,R,73,12,13,25,-27,16,0.34,10,12,2,13,0,0,1,3,121,9.9,14:11,22.2
Vince Dunn,L,D,77,10,15,25,12,29,0.32,6,15,4,10,0,0,0,1,146,6.9,16:17,--
Mattias Janmark,L,C,70,9,16,25,-5,14,0.36,6,16,1,6,2,3,0,0,99,9.1,14:53,44
Alex Galchenyuk,L,L,62,9,16,25,-9,20,0.4,6,17,3,8,0,0,0,0,93,9.7,12:15,51.2
Blake Lizotte,L,C,73,8,17,25,-7,26,0.34,4,19,2,3,2,3,0,0,97,8.3,13:53,50.6
Jeff Skinner,L,L,67,14,10,24,-21,22,0.36,14,21,0,3,0,0,0,1,204,6.9,16:09,37.5
Alex Chiasson,R,R,70,11,13,24,-8,42,0.34,5,11,6,13,0,0,1,3,102,10.8,13:06,0
Nick Paul,L,L,64,11,13,24,2,24,0.38,11,23,0,1,0,0,0,2,117,9.4,14:35,51.8
Matt Nieto,L,L,78,10,14,24,6,8,0.31,8,22,0,0,2,2,0,3,97,10.3,13:30,33.3
Jason Dickinson,L,C,69,10,14,24,9,6,0.35,10,22,0,1,0,1,1,2,90,11.1,15:08,44.1
Richard Panik,L,R,67,9,15,24,16,38,0.36,9,24,0,0,0,0,0,1,80,11.3,11:32,52.4
Ilya Mikheyev,L,R,48,8,16,24,6,6,0.5,7,23,0,0,1,1,0,1,114,7,15:29,80
Tyson Jost,L,C,75,8,16,24,11,28,0.32,7,19,1,5,0,0,0,0,120,6.7,12:53,34.4
Brady Skjei,L,D,71,8,16,24,-12,51,0.34,8,22,0,0,0,2,0,1,146,5.5,20:38,--
Ondrej Kase,R,R,57,7,17,24,-7,14,0.42,6,21,0,2,1,1,0,0,146,4.8,16:17,20.7
Colin White,R,C,65,7,17,24,-14,43,0.37,6,20,1,4,0,0,0,0,92,7.6,15:34,46.8
Connor Murphy,R,D,66,7,17,24,4,27,0.36,7,22,0,0,0,2,0,1,133,5.3,21:30,--
Sean Kuraly,L,C,76,7,17,24,-2,42,0.32,7,22,0,1,0,1,0,1,106,6.6,13:23,49.9
Sam Steel,L,C,73,6,18,24,-15,24,0.33,5,16,1,8,0,0,1,1,91,6.6,15:23,50.6
Alex Wennberg,L,C,61,5,19,24,-4,16,0.39,4,19,1,5,0,0,0,1,78,6.4,16:46,46.1
Noah Hanifin,L,D,76,5,19,24,-8,16,0.32,4,19,1,5,0,0,0,0,142,3.5,20:58,--
Matt Grzelcyk,L,D,73,4,20,24,17,42,0.33,3,15,1,8,0,1,0,1,125,3.2,18:04,--
Esa Lindell,L,D,73,4,20,24,10,14,0.33,2,13,1,7,1,4,1,2,104,3.9,23:24,--
Hampus Lindholm,L,D,63,4,20,24,-10,42,0.38,3,14,1,8,0,2,0,1,122,3.3,23:09,--
Nick Leddy,L,D,67,3,21,24,-5,14,0.36,2,18,1,6,0,0,0,0,86,3.5,21:03,--
Jimmy Vesey,L,L,73,11,12,23,12,17,0.32,10,21,0,1,1,1,0,2,104,10.6,13:42,0
Patrick Marleau,L,C,74,11,12,23,-8,14,0.31,10,22,1,1,0,0,1,3,121,9.1,15:09,47.8
Alex Tuch,R,R,49,11,12,23,-10,16,0.47,7,15,4,8,0,0,0,2,111,9.9,14:47,32.4
Michael Raffl,L,L,66,10,13,23,-3,16,0.35,9,21,0,1,1,1,0,4,74,13.5,12:31,49.5
Milan Lucic,L,L,74,10,13,23,-8,62,0.31,5,15,5,8,0,0,0,1,89,11.2,13:10,43.8
Ben Chiarot,L,D,76,10,13,23,7,79,0.3,9,22,1,1,0,0,2,3,142,7,23:03,--
Pat Maroon,L,L,69,9,14,23,3,71,0.33,8,20,1,3,0,0,0,1,85,10.6,12:18,63.6
Jonathan Drouin,L,L,34,8,15,23,-3,18,0.68,7,17,1,6,0,0,0,1,56,14.3,15:36,33.3
Carter Rowney,R,C,79,8,15,23,7,14,0.29,6,19,0,0,2,4,0,1,66,12.1,13:02,46
Kirby Dach,R,C,64,8,15,23,-1,24,0.36,8,20,0,3,0,0,0,2,101,7.9,14:16,33.8
Sonny Milano,L,L,57,7,16,23,-7,26,0.4,6,20,1,3,0,0,1,2,81,8.6,13:09,--
Corey Perry,R,R,59,6,17,23,-1,72,0.39,5,15,1,8,0,0,0,0,81,7.4,13:44,36.4
Mikko Koivu,L,C,57,5,18,23,3,30,0.4,4,15,1,7,0,1,0,0,76,6.6,15:29,53.1
Ethan Bear,R,D,79,5,18,23,0,35,0.29,4,21,1,2,0,0,0,1,106,4.7,21:52,--
Sami Vatanen,R,D,47,5,18,23,-12,22,0.49,4,12,1,10,0,1,0,0,95,5.3,21:45,--
TJ Brodie,L,D,73,4,19,23,6,36,0.32,4,20,0,3,0,0,1,1,75,5.3,20:36,--
Marcus Pettersson,L,D,73,3,20,23,7,35,0.32,3,21,0,2,0,0,0,0,82,3.7,19:17,--
Justin Holl,R,D,77,2,21,23,17,47,0.3,2,23,0,0,0,0,0,0,95,2.1,18:55,--
Josh Archibald,R,R,71,13,9,22,-13,14,0.31,11,19,0,0,2,3,1,3,71,18.3,13:04,0
Oskar Lindblom,L,L,38,13,9,22,5,4,0.58,10,18,3,4,0,0,0,0,83,15.7,17:07,40.6
Ryan Hartman,R,R,77,10,12,22,2,71,0.29,8,20,1,1,1,1,0,1,125,8,12:03,52.3
Tyler Pitlick,R,C,71,9,13,22,13,20,0.31,8,21,0,0,1,1,0,1,85,10.6,12:27,33.3
Pierre-Edouard Bellemare,L,C,77,9,13,22,3,21,0.29,7,18,0,0,2,4,0,0,90,10,13:10,54
Andreas Johnsson,L,L,50,8,14,22,2,16,0.44,4,17,4,5,0,0,0,1,82,9.8,15:23,42.9
Joel Edmundson,L,D,75,8,14,22,15,79,0.29,8,22,0,0,0,0,0,0,105,7.6,18:25,--
Valtteri Filppula,L,C,78,7,15,22,-44,26,0.28,5,16,1,5,1,1,0,0,67,10.5,16:30,44.5
Dominik Simon,L,C,69,7,15,22,-8,12,0.32,7,21,0,1,0,0,0,0,104,6.7,14:07,36.2
Vinnie Hinostroza,R,C,71,5,17,22,1,14,0.31,5,20,0,1,0,1,0,0,133,3.8,13:01,43.6
Artem Anisimov,L,C,53,15,6,21,-18,10,0.4,10,15,5,6,0,0,1,1,94,16,13:45,49.1
Brandon Sutter,R,C,54,12,9,21,4,25,0.39,10,17,1,3,1,1,0,0,95,12.6,14:51,50.1
Anton Stralman,R,D,73,5,16,21,-5,16,0.29,5,20,0,0,0,1,0,3,92,5.4,21:05,--
Will Butcher,L,D,56,4,17,21,-8,6,0.38,4,20,0,1,0,0,0,1,62,6.5,17:55,--
Matt Roy,R,D,78,4,17,21,18,12,0.27,4,20,0,1,0,0,0,0,126,3.2,18:10,--
Alec Martinez,L,D,58,3,18,21,2,27,0.36,3,17,0,4,0,0,0,0,83,3.6,21:40,--
Christopher Tanev,R,D,75,2,19,21,7,41,0.28,2,19,0,1,0,1,1,1,50,4,19:34,--
Radek Faksa,L,C,70,11,9,20,-5,44,0.29,8,17,3,3,0,0,0,3,116,9.5,15:57,49.7
Emil Bemstrom,R,C,61,10,10,20,-9,8,0.33,5,12,5,8,0,0,1,4,104,9.6,12:14,30.8
Anders Bjork,L,L,65,9,11,20,6,14,0.31,8,19,1,1,0,0,0,0,69,13,12:53,33.3
Brett Howden,L,C,77,9,11,20,-12,28,0.26,8,16,1,2,0,2,0,2,72,12.5,13:11,48.3
Mike Matheson,L,D,61,8,12,20,-2,18,0.33,7,18,1,2,0,0,0,1,106,7.6,17:58,--
MacKenzie Weegar,R,D,49,7,13,20,8,35,0.41,7,20,0,0,0,0,0,1,85,8.2,20:25,--
Josh Leivo,R,L,42,7,13,20,-2,4,0.48,7,15,0,5,0,0,0,0,76,9.2,14:40,52.4
Brandon Carlo,R,D,74,5,15,20,19,35,0.27,5,20,0,0,0,0,0,0,119,4.2,20:23,--
Carter Verhaeghe,L,C,56,13,6,19,-4,8,0.34,12,18,1,1,0,0,0,1,69,18.8,10:03,44.1
Zemgus Girgensons,L,L,69,12,7,19,-1,10,0.28,11,18,0,0,1,1,0,1,85,14.1,13:48,41.1
Garnet Hathaway,R,R,74,11,8,19,11,81,0.26,11,18,0,0,0,1,0,1,86,12.8,10:59,32.4
Alexandre Texier,L,C,44,10,9,19,1,16,0.43,10,18,0,1,0,0,1,1,63,15.9,13:42,35.6
Kyle Okposo,R,R,55,9,10,19,-3,28,0.35,8,18,1,1,0,0,0,2,83,10.8,12:51,50
Brad Hunt,L,D,61,8,11,19,-7,6,0.31,5,9,3,10,0,0,0,0,108,7.4,14:47,--
Marcus Sorensen,L,L,74,8,11,19,-12,30,0.26,7,18,0,0,1,1,0,0,90,8.9,13:37,18.2
William Carrier,L,L,78,7,12,19,-1,43,0.24,7,19,0,0,0,0,0,1,107,6.5,9:54,64.3
P.K. Subban,R,D,75,7,12,19,-26,89,0.25,5,13,2,6,0,0,0,3,172,4.1,22:21,--
Mark Borowiecki,L,D,59,7,12,19,3,66,0.32,6,18,0,0,1,1,0,0,65,10.8,17:29,--
Vladislav Gavrikov,L,D,77,6,13,19,2,20,0.25,6,19,0,0,0,0,0,2,88,6.8,19:02,--
Brendan Lemieux,L,L,65,6,13,19,-14,117,0.29,3,12,2,5,1,2,0,0,93,6.5,12:29,35.2
Brandon Montour,R,D,62,5,14,19,8,32,0.31,5,17,0,2,0,0,0,0,102,4.9,19:44,--
Justin Braun,R,D,70,3,16,19,-1,18,0.27,3,18,0,1,0,0,0,0,78,3.9,17:27,--
Michael Del Zotto,L,D,57,2,17,19,11,14,0.33,2,18,0,1,0,0,0,0,70,2.9,18:06,--
Mike Reilly,L,D,51,1,18,19,-14,26,0.37,0,8,1,10,0,1,0,1,98,1,17:56,--
Drake Caggiula,L,C,48,9,9,18,-4,36,0.38,8,16,1,1,0,1,0,0,68,13.2,12:07,26.3
Nic Dowd,R,C,64,9,9,18,16,36,0.28,6,15,0,0,3,3,0,1,59,15.3,11:18,49.6
Mark Pysyk,R,D,62,9,9,18,4,24,0.29,9,18,0,0,0,0,0,1,66,13.6,12:40,50
Colton Sceviour,R,C,77,8,10,18,0,6,0.23,8,18,0,0,0,0,0,0,122,6.6,12:50,45.2
Kyle Clifford,L,L,75,8,10,18,-7,70,0.24,8,18,0,0,0,0,0,0,113,7.1,10:54,60
Nicolas Aube-Kubel,R,R,44,8,10,18,0,29,0.41,6,15,2,3,0,0,0,1,53,15.1,11:17,33.3
Dillon Dube,L,C,48,7,11,18,2,6,0.38,5,15,2,3,0,0,0,2,66,10.6,12:32,40
Justin Faulk,R,D,76,7,11,18,3,39,0.24,6,14,1,3,0,1,0,1,167,4.2,20:56,--
Cedric Paquette,L,C,68,7,11,18,-7,46,0.26,6,16,0,0,1,2,0,0,80,8.8,12:46,50.7
Johan Larsson,L,L,70,6,12,18,6,30,0.26,6,18,0,0,0,0,0,0,66,9.1,14:47,48.3
Justin Schultz,R,D,54,5,13,18,-4,6,0.33,5,9,0,9,0,0,0,1,100,5,19:42,--
Troy Stecher,R,D,77,5,13,18,6,34,0.23,5,18,0,0,0,0,0,0,95,5.3,15:42,--
Brett Pesce,R,D,65,4,14,18,5,27,0.28,4,16,0,0,0,2,0,0,112,3.6,21:52,--
Michal Kempny,L,D,58,3,15,18,19,22,0.31,3,18,0,0,0,0,0,0,73,4.1,18:38,--
Brenden Dillon,L,D,77,2,16,18,4,113,0.23,2,17,0,0,0,1,0,0,62,3.2,19:27,--
Riley Sheahan,L,C,74,9,8,17,-12,6,0.23,8,15,0,0,1,2,0,1,73,12.3,12:42,50.1
Filip Zadina,L,R,32,8,9,17,-12,2,0.53,4,10,4,7,0,0,0,1,62,12.9,15:06,100
Adam Lowry,L,C,56,8,9,17,-4,23,0.3,7,13,0,2,1,2,0,2,83,9.6,15:09,52.9
David Kampf,L,C,78,8,9,17,-12,16,0.22,7,16,0,0,1,1,0,2,99,8.1,13:38,52.6
Mathieu Perreault,L,L,56,8,9,17,-7,12,0.3,6,15,2,2,0,0,0,0,80,10,12:59,62.5
Austin Watson,R,L,61,8,9,17,-11,83,0.28,8,15,0,0,0,2,0,1,61,13.1,11:33,32
Alexander Steen,L,L,55,7,10,17,7,12,0.31,7,16,0,1,0,0,0,0,71,9.9,14:02,53.3
Brock McGinn,L,L,72,7,10,17,-4,19,0.24,5,15,0,0,2,2,0,1,98,7.1,13:15,37.5
Michael Amadio,R,C,75,6,11,17,-12,10,0.23,6,13,0,4,0,0,0,0,106,5.7,12:58,48.7
Zdeno Chara,L,D,76,6,11,17,33,64,0.22,6,17,0,0,0,0,0,2,100,6,20:57,--
Olli Maatta,L,D,69,4,13,17,-1,22,0.25,4,15,0,0,0,2,0,0,87,4.6,18:25,--
Madison Bowey,R,D,53,3,14,17,-16,34,0.32,3,16,0,1,0,0,0,0,70,4.3,17:54,--
Erik Johnson,R,D,62,3,14,17,11,22,0.27,3,17,0,0,0,0,0,1,103,2.9,20:50,--
Nikita Zaitsev,R,D,66,1,16,17,-7,24,0.26,1,17,0,0,0,0,0,0,72,1.4,22:04,--
Colton Sissons,R,C,64,10,6,16,-1,20,0.25,9,15,0,0,1,1,0,2,59,17,14:17,51.3
Tomas Nosek,L,L,74,9,7,16,-2,22,0.22,8,15,0,0,1,1,0,1,104,8.7,11:41,50
Nicolas Deslauriers,L,L,67,9,7,16,1,92,0.24,9,16,0,0,0,0,0,2,76,11.8,9:57,--
Darren Helm,L,L,70,9,7,16,-5,37,0.23,8,14,0,0,1,2,0,0,103,8.7,13:41,57.6
Pierre Engvall,L,L,51,8,8,16,5,10,0.31,7,14,0,0,1,2,0,3,78,10.3,11:50,39.3
Ryan Reaves,R,R,78,8,8,16,-5,47,0.21,8,16,0,0,0,0,0,1,63,12.7,10:06,42.4
Blake Comeau,R,L,55,8,8,16,-6,36,0.29,7,14,0,0,1,2,0,2,74,10.8,14:56,43.8
Carson Soucy,L,D,63,7,9,16,21,26,0.25,6,15,0,0,1,1,0,1,66,10.6,15:32,--
Jordan Kyrou,R,C,35,7,9,16,3,8,0.46,7,15,0,1,0,0,0,2,59,11.9,11:20,37.5
Henri Jokiharju,R,D,75,5,11,16,-7,32,0.21,4,14,1,2,0,0,0,0,85,5.9,17:13,--
Adam Boqvist,R,D,47,4,12,16,-4,10,0.34,4,12,0,4,0,0,0,1,55,7.3,16:12,--
Ben Hutton,L,D,67,4,12,16,7,14,0.24,4,16,0,0,0,0,0,1,115,3.5,18:19,--
Philippe Myers,R,D,54,4,12,16,17,34,0.3,4,16,0,0,0,0,0,0,83,4.8,17:03,--
Ryan Carpenter,R,C,77,4,12,16,-6,34,0.21,3,13,0,0,1,3,0,0,97,4.1,13:59,43
Tucker Poolman,R,D,58,4,12,16,-2,24,0.28,3,15,0,0,1,1,0,1,64,6.3,17:28,--
Radko Gudas,R,D,67,2,14,16,17,42,0.24,2,16,0,0,0,0,0,1,97,2.1,16:39,--
Casey Cizikas,L,C,55,11,4,15,10,43,0.27,8,10,0,0,3,5,0,1,76,14.5,14:13,54.6
Eric Robinson,L,L,58,8,7,15,11,12,0.26,8,15,0,0,0,0,0,3,82,9.8,10:57,36.4
Jordan Weal,R,C,49,8,7,15,-8,14,0.31,6,10,2,5,0,0,0,2,86,9.3,13:37,49.7
Max Comtois,L,L,37,8,7,15,-4,26,0.41,6,11,2,4,0,0,0,0,43,18.6,13:45,25
Antoine Roussel,L,L,51,7,8,15,3,68,0.29,6,12,1,2,0,1,0,1,59,11.9,11:52,46.2
Brian Boyle,L,C,39,6,9,15,-5,17,0.38,5,14,1,1,0,0,0,1,56,10.7,12:23,52.4
Marc-Edouard Vlasic,L,D,78,5,10,15,-14,12,0.19,4,14,0,0,1,1,0,1,81,6.2,20:30,--
Cody Eakin,L,C,57,5,10,15,-4,16,0.26,5,14,0,1,0,0,0,1,65,7.7,14:32,50.3
Riley Nash,R,C,72,5,10,15,8,10,0.21,4,14,0,0,1,1,0,1,73,6.9,12:02,47.6
Jordan Oesterle,L,D,66,4,11,15,-9,16,0.23,3,12,1,3,0,0,0,0,76,5.3,17:18,--
Nate Thompson,L,C,74,4,11,15,-1,30,0.2,4,14,0,0,0,1,0,1,68,5.9,12:30,54.7
Andrew Cogliano,L,C,72,4,11,15,3,30,0.21,4,15,0,0,0,0,0,0,74,5.4,12:32,44.7
Troy Terry,R,R,54,4,11,15,-6,8,0.28,4,13,0,2,0,0,0,0,81,4.9,14:18,37.5
Jake McCabe,L,D,74,4,11,15,-10,50,0.2,3,14,0,0,1,1,0,1,84,4.8,18:36,--
Cody Glass,R,C,42,6,8,14,-7,6,0.33,4,7,2,7,0,0,0,1,53,11.3,13:20,44.6
Nick Holden,L,D,61,6,8,14,-1,13,0.23,5,12,1,1,0,1,0,0,101,5.9,18:51,--
Michael Frolik,L,R,57,6,8,14,-12,28,0.25,4,11,0,0,2,3,0,1,70,8.6,12:26,28.6
Victor Rask,L,C,51,6,8,14,6,6,0.27,6,14,0,0,0,0,0,2,42,14.3,10:23,42.2
Nikolai Prokhorkin,L,L,43,4,10,14,-6,6,0.33,4,11,0,3,0,0,0,1,63,6.4,12:06,47.6
Leo Komarov,L,R,50,4,10,14,0,15,0.28,4,13,0,0,0,1,0,1,47,8.5,12:34,39.1
Haydn Fleury,L,D,49,4,10,14,-3,8,0.29,4,13,0,0,0,1,0,0,71,5.6,13:52,--
Nikita Zadorov,L,D,72,4,10,14,6,67,0.19,4,14,0,0,0,0,0,0,75,5.3,17:53,--
Drake Batherson,R,R,31,3,11,14,-17,13,0.45,2,5,1,9,0,0,0,0,55,5.5,15:57,55.6
Travis Hamonic,R,D,55,3,11,14,-3,31,0.25,3,14,0,0,0,0,0,0,90,3.3,20:55,0
Jordan Martinook,L,L,48,2,12,14,-4,22,0.29,2,12,0,0,0,2,0,1,45,4.4,11:20,51.9
Andy Greene,L,D,70,2,12,14,3,16,0.2,2,11,0,1,0,2,0,0,67,3,19:16,--
Mario Ferraro,L,D,69,2,12,14,-16,32,0.2,2,12,0,1,0,1,0,0,77,2.6,16:35,--
Ryan Lindgren,L,D,67,1,13,14,16,53,0.21,1,14,0,0,0,0,0,0,52,1.9,16:48,--
Ryan McDonagh,L,D,55,1,13,14,11,21,0.25,1,13,0,0,0,1,0,0,59,1.7,21:05,--
Tyler Motte,L,C,44,9,4,13,-7,18,0.3,9,13,0,0,0,0,0,1,59,15.3,13:52,44.7
Bobby Ryan,R,R,31,9,4,13,2,39,0.42,9,12,0,1,0,0,0,0,62,14.5,14:02,36.4
Sam Bennett,L,C,58,8,5,13,-5,40,0.22,8,12,0,1,0,0,0,0,87,9.2,12:35,50.8
Curtis Lazar,R,C,46,7,6,13,-2,9,0.28,7,12,0,0,0,1,0,0,40,17.5,11:53,50.9
Brad Richardson,L,R,66,7,6,13,3,22,0.2,6,11,0,0,1,2,0,4,81,8.6,13:29,54.2
Jesperi Kotkaniemi,L,C,43,7,6,13,-6,25,0.3,6,10,1,3,0,0,0,0,69,10.1,13:10,44.4
Trevor Lewis,R,C,63,6,7,13,-7,16,0.21,6,13,0,0,0,0,0,1,96,6.3,11:35,38.1
Sam Lafferty,R,C,53,6,7,13,3,23,0.25,6,13,0,0,0,0,0,1,60,10,9:28,49.2
Devin Shore,L,C,52,6,7,13,-11,10,0.25,5,10,0,2,1,1,0,1,54,11.1,11:16,47.2
Sammy Blais,L,L,42,6,7,13,-1,22,0.31,6,13,0,0,0,0,0,1,58,10.3,12:24,--
Sam Gagner,R,C,46,6,7,13,-11,17,0.28,4,10,2,3,0,0,0,0,85,7.1,13:17,42.5
Loui Eriksson,L,L,49,6,7,13,-2,12,0.27,6,13,0,0,0,0,0,0,59,10.2,12:22,100
Zach Aston-Reese,L,C,57,6,7,13,6,28,0.23,5,12,0,0,1,1,0,0,98,6.1,14:25,30.4
Trevor Moore,L,C,50,6,7,13,-5,10,0.26,6,12,0,0,0,1,0,0,72,8.3,12:47,29.4
Scott Mayfield,R,D,74,5,8,13,5,55,0.18,5,11,0,0,0,2,0,1,106,4.7,19:48,--
Erik Cernak,R,D,71,5,8,13,15,59,0.18,5,13,0,0,0,0,0,1,133,3.8,18:49,--
Dante Fabbro,R,D,71,5,8,13,-3,40,0.18,4,12,1,1,0,0,0,0,106,4.7,18:56,--
Marco Scandella,L,D,68,4,9,13,19,28,0.19,4,13,0,0,0,0,0,0,83,4.8,17:48,--
Colin Blackwell,R,C,30,4,9,13,10,12,0.43,4,13,0,0,0,0,0,0,34,11.8,11:07,55.9
Andrew Shaw,R,R,34,4,9,13,-8,37,0.38,2,8,2,5,0,0,0,0,61,6.6,14:36,46.7
Robert Hagg,L,D,56,3,10,13,13,32,0.23,2,12,1,1,0,0,0,0,43,7,15:42,--
Jacob Larsson,L,D,68,2,11,13,-7,14,0.19,2,13,0,0,0,0,0,0,63,3.2,16:02,--
Colin Miller,R,D,59,2,11,13,-14,26,0.22,1,8,1,5,0,0,1,1,88,2.3,17:09,--
David Savard,R,D,76,0,13,13,-3,39,0.17,0,10,0,2,0,1,0,0,105,0,20:38,--
Max Jones,L,L,63,8,4,12,-5,36,0.19,7,10,0,1,1,1,0,0,104,7.7,14:10,40.7
Frederik Gauthier,L,C,61,7,5,12,-4,10,0.2,7,12,0,0,0,0,0,0,42,16.7,9:23,54.7
Kevin Stenlund,R,C,34,7,5,12,4,8,0.35,4,7,3,5,0,0,0,1,60,11.7,13:55,40.3
Austin Wagner,L,L,69,6,6,12,-8,43,0.17,6,12,0,0,0,0,0,0,132,4.6,11:38,33.3
Melker Karlsson,R,C,61,6,6,12,-7,20,0.2,6,12,0,0,0,0,0,0,56,10.7,12:16,45.2
Tobias Rieder,L,L,63,6,6,12,-12,6,0.19,5,10,0,0,1,2,0,0,92,6.5,11:23,20.4
Dylan Gambrell,R,C,55,5,7,12,-10,21,0.22,5,11,0,1,0,0,0,1,46,10.9,12:11,47.1
Shayne Gostisbehere,L,D,44,5,7,12,-1,20,0.27,4,7,1,5,0,0,0,1,78,6.4,18:25,--
Travis Boyd,R,C,26,4,8,12,11,2,0.46,4,11,0,1,0,0,0,0,27,14.8,11:29,40.5
Denis Malgin,R,C,44,4,8,12,-9,14,0.27,3,10,1,1,0,1,0,0,50,8,11:59,39.9
Paul Byron,L,L,36,4,8,12,6,6,0.33,3,11,0,0,1,1,0,0,34,11.8,13:55,11.1
Marc Staal,L,D,60,2,10,12,1,18,0.2,2,12,0,0,0,0,0,0,53,3.8,17:42,--
Noah Dobson,R,D,41,2,10,12,-1,10,0.29,2,8,0,4,0,0,0,0,50,4,14:16,--
Nicolas Hague,L,D,42,1,11,12,2,32,0.29,0,8,1,4,0,0,0,0,59,1.7,15:51,--
Ron Hainsey,L,D,64,1,11,12,10,12,0.19,1,9,0,0,0,3,0,1,43,2.3,20:41,--
Michael Grabner,L,L,46,8,3,11,-4,6,0.24,7,10,0,0,1,1,0,0,61,13.1,12:22,0
Justin Williams,R,R,20,8,3,11,2,6,0.55,6,8,2,3,0,0,0,2,60,13.3,13:37,30
Chris Wagner,R,R,74,7,4,11,-8,49,0.15,6,10,0,0,1,1,0,0,92,7.6,12:28,48.2
Evan Rodrigues,R,C,51,7,4,11,-12,14,0.22,6,10,1,1,0,0,0,1,87,8.1,11:49,47.2
Jujhar Khaira,L,L,67,6,5,11,-22,48,0.16,6,11,0,0,0,0,0,1,72,8.3,12:24,44.3
Mason Appleton,R,C,53,5,6,11,-7,22,0.21,4,10,0,0,1,1,0,0,66,7.6,11:20,42.1
Nicolas Roy,R,C,35,5,6,11,5,12,0.31,4,10,1,1,0,0,0,1,48,10.4,11:47,49.8
Dominic Toninato,L,C,46,4,7,11,4,37,0.24,4,11,0,0,0,0,0,0,38,10.5,11:09,47.1
Nathan Gerbe,L,C,31,4,7,11,-6,24,0.35,4,11,0,0,0,0,0,0,56,7.1,13:37,50
Zack Smith,L,C,50,4,7,11,2,29,0.22,3,9,0,0,1,2,0,1,43,9.3,11:47,46.3
Frans Nielsen,L,C,66,4,7,11,-12,8,0.17,3,7,0,2,1,2,0,0,93,4.3,13:29,46.2
Victor Mete,L,D,51,4,7,11,5,20,0.22,4,10,0,1,0,0,0,1,57,7,16:00,--
Travis Dermott,L,D,64,4,7,11,16,41,0.17,4,11,0,0,0,0,0,1,72,5.6,16:34,--
Jamie Oleksiak,L,D,73,4,7,11,-7,41,0.15,4,11,0,0,0,0,0,2,81,4.9,15:58,--
Brendan Leipsic,L,L,61,3,8,11,3,13,0.18,3,10,0,1,0,0,0,1,49,6.1,9:10,42.9
Mike Green,R,D,50,3,8,11,-34,32,0.22,2,7,1,4,0,0,0,1,76,4,20:53,--
Jack Johnson,L,D,72,3,8,11,-5,30,0.15,2,10,0,0,1,1,0,0,68,4.4,19:16,--
Jay Beagle,R,C,65,2,9,11,-7,42,0.17,1,9,0,0,1,2,0,1,56,3.6,12:51,58.7
Johnny Boychuk,R,D,64,2,9,11,-11,14,0.17,1,10,1,1,0,0,0,0,96,2.1,17:17,--
Dmitry Kulikov,L,D,58,2,9,11,-3,32,0.19,2,11,0,0,0,0,0,1,63,3.2,19:58,--
Slater Koekkoek,L,D,50,2,9,11,0,44,0.22,2,11,0,0,0,0,0,1,56,3.6,16:40,--
Dylan DeMelo,R,D,62,0,11,11,5,39,0.18,0,9,0,0,0,2,0,0,79,0,20:08,--
Jason Demers,R,D,58,0,11,11,5,35,0.19,0,10,0,0,0,1,0,0,60,0,20:06,--
Mackenzie MacEachern,L,L,51,7,3,10,2,33,0.2,7,10,0,0,0,0,0,2,63,11.1,8:57,25
Gabriel Vilardi,R,C,18,6,4,10,-3,6,0.56,4,7,2,3,0,0,0,0,26,23.1,13:29,49.5
Mark Jankowski,L,C,64,6,4,10,-13,14,0.16,6,10,0,0,0,0,0,0,47,12.8,11:18,44.8
Gaetan Haas,R,C,58,5,5,10,-1,6,0.17,5,9,0,1,0,0,0,0,54,9.3,9:42,42.2
Kurtis MacDermid,L,D,51,4,6,10,-11,56,0.2,4,9,0,0,0,1,0,0,58,6.9,13:38,--
Erik Gudbranson,R,D,59,4,6,10,-8,101,0.17,4,9,0,0,0,1,0,0,90,4.4,19:28,--
Caleb Jones,L,D,48,4,6,10,-3,12,0.21,4,9,0,1,0,0,0,1,41,9.8,14:14,--
Casey Mittelstadt,L,C,32,4,6,10,-5,2,0.31,3,7,1,3,0,0,0,1,34,11.8,12:41,46.8
Michael Dal Colle,L,L,54,4,6,10,-8,12,0.19,4,10,0,0,0,0,0,0,59,6.8,11:47,71.4
Jayce Hawryluk,R,C,26,3,7,10,1,16,0.38,3,10,0,0,0,0,0,0,26,11.5,11:06,33.3
Vladimir Tarasenko,L,R,10,3,7,10,-2,0,1,2,7,1,3,0,0,0,0,26,11.5,16:11,--
Markus Nutivaara,L,D,38,3,7,10,3,4,0.26,3,9,0,1,0,0,0,0,47,6.4,15:50,--
Radim Simek,L,D,54,2,8,10,-15,14,0.19,2,10,0,0,0,0,0,0,43,4.7,16:38,--
Luca Sbisa,L,D,45,2,8,10,1,37,0.22,2,10,0,0,0,0,0,0,49,4.1,17:48,--
Cody Ceci,R,D,61,2,8,10,6,24,0.16,2,10,0,0,0,0,0,1,52,3.9,20:29,--
Ryan Murray,L,D,34,2,8,10,-8,4,0.29,2,8,0,2,0,0,0,0,37,5.4,20:17,--
Patrik Nemeth,L,D,72,1,9,10,-14,30,0.14,1,9,0,0,0,1,0,1,101,1,21:50,--
Adam Pelech,L,D,45,1,9,10,3,22,0.22,1,8,0,0,0,2,0,0,65,1.5,20:59,--
Stefan Noesen,R,R,44,7,2,9,-1,34,0.2,6,8,1,1,0,0,0,2,70,10,11:21,36.4
Christian Fischer,R,R,64,6,3,9,0,16,0.14,6,9,0,0,0,0,0,1,87,6.9,11:04,23.1
Luke Glendening,R,C,68,6,3,9,-33,22,0.13,5,8,0,0,1,1,0,1,81,7.4,15:11,58.1
Mathieu Joseph,L,R,42,6,3,9,0,16,0.21,6,8,0,0,0,1,0,1,44,13.6,11:16,31.8
Josh Anderson,R,R,33,5,4,9,-5,25,0.27,5,9,0,0,0,0,0,2,85,5.9,15:48,35
Greg McKegg,L,C,53,5,4,9,-2,17,0.17,4,7,0,0,1,2,0,0,40,12.5,9:34,49.3
Dmytro Timashov,L,L,44,4,5,9,1,16,0.2,4,9,0,0,0,0,0,1,37,10.8,8:32,--
Kevin Rooney,L,C,54,4,5,9,9,22,0.17,2,6,0,0,2,3,0,0,65,6.2,11:25,46.4
Joakim Nygard,L,L,37,3,6,9,0,10,0.24,2,8,1,1,0,0,0,0,41,7.3,10:28,50
Cal Clutterbuck,R,R,44,3,6,9,5,22,0.2,2,7,0,0,1,2,0,0,44,6.8,13:30,44.4
Brendan Smith,L,D,66,3,6,9,-9,73,0.14,2,7,0,0,1,2,0,0,49,6.1,11:21,100
Adam Larsson,R,D,58,3,6,9,-4,43,0.16,3,9,0,0,0,0,0,0,73,4.1,19:24,--
Jacob de la Rose,L,L,50,2,7,9,2,10,0.18,2,9,0,0,0,0,0,0,46,4.4,10:43,43.1
Jonas Siegenthaler,L,D,68,2,7,9,9,45,0.13,2,9,0,0,0,0,0,1,52,3.9,15:49,--
Taylor Fedun,R,D,27,2,7,9,3,8,0.33,2,9,0,0,0,0,0,0,40,5,13:45,--
Brayden McNabb,L,D,78,2,7,9,0,44,0.12,1,8,0,0,1,1,0,0,78,2.6,19:58,--
Josh Manson,R,D,53,1,8,9,-12,39,0.17,1,8,0,0,0,1,0,0,65,1.5,20:21,--
Jay Bouwmeester,L,D,56,1,8,9,6,20,0.16,1,8,0,0,0,1,0,0,53,1.9,21:34,--
Brian Dumoulin,L,D,35,1,8,9,16,12,0.26,0,7,0,1,1,1,0,0,44,2.3,21:19,--
Jordie Benn,L,D,48,1,8,9,-1,17,0.19,1,9,0,0,0,0,0,1,63,1.6,16:16,--
Nathan Beaulieu,L,D,45,1,8,9,19,41,0.2,1,9,0,0,0,0,0,1,45,2.2,16:59,--
Nick Jensen,R,D,73,0,9,9,2,15,0.12,0,8,0,1,0,0,0,0,64,0,17:54,--
Kris Russell,L,D,60,0,9,9,-3,14,0.15,0,8,0,0,0,1,0,0,51,0,16:51,--
Brett Kulak,L,D,63,0,9,9,3,18,0.14,0,9,0,0,0,0,0,0,109,0,16:48,--
Martin Frk,R,R,17,6,2,8,-1,4,0.47,5,7,1,1,0,0,0,1,26,23.1,13:50,--
Matt Martin,L,L,62,5,3,8,-2,44,0.13,5,8,0,0,0,0,0,2,55,9.1,10:23,27.3
Justin Dowling,L,C,32,4,4,8,-2,8,0.25,4,8,0,0,0,0,0,1,35,11.4,11:11,44
Brendan Guhle,L,D,30,4,4,8,-2,10,0.27,4,8,0,0,0,0,0,1,39,10.3,17:04,--
Josh Brown,R,D,63,3,5,8,-4,47,0.13,3,8,0,0,0,0,0,1,49,6.1,13:36,--
Andrej Sekera,L,D,61,2,6,8,10,16,0.13,1,7,0,0,1,1,0,0,65,3.1,18:02,--
Carl Gunnarsson,L,D,40,2,6,8,9,20,0.2,2,7,0,0,0,1,0,0,32,6.3,15:29,--
Taro Hirose,L,L,29,2,6,8,-11,6,0.28,2,3,0,5,0,0,0,0,28,7.1,12:42,16.7
Calvin de Haan,L,D,37,2,6,8,5,12,0.22,2,8,0,0,0,0,0,1,51,3.9,20:11,--
Jon Merrill,L,D,53,2,6,8,10,34,0.15,2,7,0,0,0,1,0,0,40,5,18:14,--
Dennis Cholowski,L,D,36,2,6,8,-26,6,0.22,1,3,1,5,0,0,1,1,51,3.9,19:13,--
Vladislav Kamenev,L,C,38,1,7,8,-2,8,0.21,1,6,0,2,0,0,0,1,32,3.1,8:59,53.3
Phillip Di Giuseppe,L,L,26,1,7,8,4,4,0.31,1,8,0,0,0,0,0,0,50,2,11:16,0
Scott Harrington,L,D,39,1,7,8,-3,16,0.21,1,8,0,0,0,0,0,0,37,2.7,13:57,--
Matt Benning,R,D,49,1,7,8,10,19,0.16,1,8,0,0,0,0,0,0,40,2.5,13:22,--
Dean Kukan,L,D,41,1,7,8,-7,12,0.2,0,7,1,1,0,0,0,0,58,1.7,15:28,--
Logan Brown,L,C,23,1,7,8,0,4,0.35,0,5,1,3,0,0,0,1,23,4.4,11:45,41
Rasmus Sandin,L,D,28,1,7,8,-7,10,0.29,1,6,0,2,0,0,0,1,22,4.6,14:19,--
Trevor van Riemsdyk,R,D,52,1,7,8,-8,10,0.15,1,8,0,0,0,0,0,0,60,1.7,15:01,--
Anthony Bitetto,L,D,51,0,8,8,3,32,0.16,0,7,0,0,0,1,0,0,54,0,15:10,--
Dan Hamhuis,L,D,60,0,8,8,6,35,0.13,0,8,0,0,0,0,0,0,44,0,14:31,--
Noah Gregor,L,C,34,5,2,7,-9,12,0.21,4,5,1,2,0,0,0,0,46,10.9,10:24,31
Joakim Nordstrom,L,C,52,4,3,7,-9,17,0.13,4,7,0,0,0,0,0,0,51,7.8,11:58,12.5
Yakov Trenin,L,C,25,3,4,7,2,9,0.28,3,7,0,0,0,0,0,0,29,10.3,9:24,75
Joel Kellman,L,C,32,3,4,7,-2,6,0.22,3,6,0,0,0,1,0,1,32,9.4,11:36,47.1
Mitchell Stephens,R,C,42,3,4,7,-11,10,0.17,3,7,0,0,0,0,0,0,45,6.7,10:34,53.4
Mirco Mueller,L,D,50,2,5,7,-13,23,0.14,2,6,0,1,0,0,0,0,29,6.9,17:39,--
Morgan Frost,L,C,22,2,5,7,-3,4,0.32,1,6,0,0,1,1,0,0,31,6.5,13:22,47.8
Michael Stone,R,D,33,2,5,7,-5,16,0.21,2,7,0,0,0,0,0,0,57,3.5,16:19,--
Jansen Harkins,L,C,35,2,5,7,-3,9,0.2,2,7,0,0,0,0,0,0,33,6.1,10:19,40
Kirill Kaprizov,L,L,8,2,5,7,5,2,0.88,2,7,0,0,0,0,1,1,14,14.3,18:44,0
Oliver Kylington,L,D,48,2,5,7,-6,16,0.15,2,7,0,0,0,0,0,0,37,5.4,13:42,--
Jan Rutta,R,D,38,1,6,7,3,22,0.18,1,7,0,0,0,0,0,0,53,1.9,15:35,--
Juuso Riikola,L,D,38,1,6,7,3,6,0.18,1,5,0,2,0,0,0,0,39,2.6,13:45,--
Antti Suomela,L,C,20,1,6,7,4,4,0.35,1,7,0,0,0,0,0,0,18,5.6,9:41,54.8
Zach Bogosian,R,D,36,1,6,7,-1,26,0.19,1,6,0,0,0,1,0,0,36,2.8,15:58,--
Trevor Daley,L,D,43,0,7,7,-22,20,0.16,0,5,0,2,0,0,0,0,37,0,15:39,--
Tim Schaller,L,L,53,5,1,6,-14,14,0.11,4,5,0,0,1,1,0,0,49,10.2,11:34,38.9
Zack MacEwen,R,C,24,5,1,6,7,32,0.25,5,6,0,0,0,0,0,0,26,19.2,9:09,75
Joey Anderson,R,R,19,4,2,6,2,4,0.32,4,6,0,0,0,0,0,0,21,19.1,13:02,42.9
Par Lindholm,L,C,41,3,3,6,6,4,0.15,3,6,0,0,0,0,0,1,35,8.6,11:17,46.4
Tom Kuhnhackl,L,R,28,3,3,6,-4,2,0.21,3,5,0,0,0,1,0,1,28,10.7,11:18,--
Nicholas Shore,R,C,63,3,3,6,1,20,0.1,3,6,0,0,0,0,0,0,45,6.7,9:11,55.3
Filip Chlapik,L,C,32,3,3,6,-6,10,0.19,3,6,0,0,0,0,0,1,28,10.7,8:43,38.7
Matthew Highmore,L,C,40,2,4,6,-1,6,0.15,2,6,0,0,0,0,0,0,38,5.3,9:45,25
Carl Grundstrom,L,R,19,2,4,6,0,8,0.32,2,6,0,0,0,0,0,1,24,8.3,12:08,0
Brett Ritchie,R,R,27,2,4,6,-3,21,0.22,2,5,0,1,0,0,0,1,34,5.9,10:24,40
Chad Ruhwedel,R,D,48,2,4,6,5,20,0.13,2,6,0,0,0,0,0,0,49,4.1,14:40,--
Robert Bortuzzo,R,D,44,2,4,6,13,25,0.14,2,6,0,0,0,0,0,1,37,5.4,12:53,--
Scott Sabourin,R,R,35,2,4,6,-6,33,0.17,2,6,0,0,0,0,0,0,29,6.9,7:01,0
Gabriel Bourque,L,L,52,2,4,6,-1,7,0.12,2,6,0,0,0,0,0,0,33,6.1,8:36,40
Oscar Fantenberg,L,D,36,1,5,6,-10,6,0.17,1,5,0,1,0,0,0,0,45,2.2,15:55,--
Ty Smith,L,D,7,1,5,6,2,4,0.86,1,5,0,1,0,0,0,0,12,8.3,16:47,--
Connor Carrick,R,D,29,1,5,6,-6,17,0.21,1,6,0,0,0,0,0,1,25,4,14:25,--
Deryk Engelland,R,D,49,1,5,6,6,37,0.12,1,5,0,0,0,1,0,1,59,1.7,17:33,--
Karson Kuhlman,R,C,25,1,5,6,3,13,0.24,0,5,1,1,0,0,0,0,45,2.2,12:32,25
David Backes,R,R,22,1,5,6,-1,22,0.27,0,5,1,1,0,0,0,1,34,2.9,9:24,38
Patrick Russell,R,R,46,0,6,6,-11,12,0.13,0,6,0,0,0,0,0,0,59,0,11:18,50
Jake Evans,R,C,20,4,1,5,3,12,0.25,3,4,0,0,1,1,0,0,23,17.4,11:06,48.1
Zac Rinaldo,L,C,19,3,2,5,-1,34,0.26,3,5,0,0,0,0,0,2,19,15.8,8:16,--
Nick Bjugstad,R,C,21,3,2,5,6,16,0.24,3,5,0,0,0,0,0,1,35,8.6,12:14,40.1
Logan Shaw,R,R,35,3,2,5,0,0,0.14,3,4,0,1,0,0,0,0,20,15,6:49,55
Joseph Blandisi,L,C,21,2,3,5,-3,10,0.24,2,5,0,0,0,0,0,1,12,16.7,8:12,40.7
Barrett Hayton,L,C,27,2,3,5,3,14,0.19,2,5,0,0,0,0,0,1,32,6.3,11:26,40.8
Stephen Johns,R,D,17,2,3,5,0,10,0.29,2,5,0,0,0,0,0,0,30,6.7,17:40,--
Bryan Little,R,C,7,2,3,5,4,2,0.71,2,5,0,0,0,0,1,1,13,15.4,16:09,45.3
Nils Hoglander,L,L,10,2,3,5,1,4,0.5,2,5,0,0,0,0,0,0,18,11.1,14:09,--
Jakob Lilja,L,L,37,2,3,5,5,2,0.14,2,5,0,0,0,0,0,0,23,8.7,9:54,50
Adam Erne,L,L,58,2,3,5,-24,28,0.09,2,5,0,0,0,0,0,0,64,3.1,11:46,60.6
Josh Norris,L,C,11,2,3,5,-1,2,0.45,0,2,2,3,0,0,0,0,28,7.1,16:54,51.9
Nolan Patrick,R,C,8,2,3,5,1,4,0.63,1,4,1,1,0,0,0,0,8,25,15:21,55.7
Matt Luff,R,R,20,1,4,5,-6,2,0.25,1,5,0,0,0,0,0,0,26,3.9,10:20,20
Niklas Hjalmarsson,L,D,35,1,4,5,-3,18,0.14,1,4,0,0,0,1,0,0,25,4,18:41,--
Micheal Ferland,L,L,14,1,4,5,-3,7,0.36,1,5,0,0,0,0,0,0,15,6.7,9:48,100
Braydon Coburn,L,D,46,1,4,5,2,20,0.11,1,5,0,0,0,0,0,0,47,2.1,14:25,--
Jarred Tinordi,L,D,29,1,4,5,0,34,0.17,1,4,0,0,0,1,0,0,24,4.2,16:31,--
Dale Weise,R,R,23,1,4,5,1,16,0.22,1,5,0,0,0,0,0,0,15,6.7,9:16,--
Joakim Ryan,L,D,35,1,4,5,-10,10,0.14,1,5,0,0,0,0,0,0,54,1.9,19:09,--
Ville Heinola,L,D,9,1,4,5,5,4,0.56,1,4,0,1,0,0,0,0,11,9.1,17:39,--
Danny DeKeyser,L,D,16,1,4,5,-3,10,0.31,1,5,0,0,0,0,0,0,18,5.6,18:48,--
Tim Heed,R,D,38,1,4,5,-10,2,0.13,1,4,0,1,0,0,0,0,44,2.3,13:00,0
Sami Niku,L,D,20,0,5,5,-4,18,0.25,0,5,0,0,0,0,0,0,28,0,15:36,--
Derek Forbort,L,D,27,0,5,5,-3,10,0.19,0,5,0,0,0,0,0,0,32,0,18:33,--
Riley Stillman,L,D,35,0,5,5,-4,16,0.14,0,5,0,0,0,0,0,0,39,0,19:03,--
Greg Pateryn,R,D,26,0,5,5,0,8,0.19,0,5,0,0,0,0,0,0,26,0,15:08,--
Libor Hajek,L,D,28,0,5,5,-4,12,0.18,0,5,0,0,0,0,0,0,23,0,15:59,--
Jesper Boqvist,L,C,39,4,0,4,-11,10,0.1,3,3,1,1,0,0,0,0,43,9.3,11:16,34.8
Morgan Geekie,R,C,5,3,1,4,3,4,0.8,3,4,0,0,0,0,0,0,7,42.9,10:42,50
John Hayden,R,C,44,3,1,4,-2,77,0.09,3,4,0,0,0,0,0,1,39,7.7,9:43,21.1
Ross Johnston,L,L,38,3,1,4,-1,96,0.11,3,4,0,0,0,0,0,0,18,16.7,8:04,50
Pius Suter,L,C,8,3,1,4,-4,0,0.5,2,3,1,1,0,0,0,0,19,15.8,15:27,40
Markus Granlund,L,C,34,3,1,4,-1,14,0.12,3,4,0,0,0,0,0,1,26,11.5,10:50,43.9
Brent Seabrook,R,D,32,3,1,4,1,8,0.13,2,3,1,1,0,0,0,1,40,7.5,18:09,--
Daniel Sprong,R,R,14,2,2,4,-3,0,0.29,1,3,1,1,0,0,0,0,28,7.1,12:31,0
Christoffer Ehn,L,C,54,2,2,4,-21,2,0.07,2,4,0,0,0,0,0,0,36,5.6,10:25,42.5
Eetu Luostarinen,L,C,12,2,2,4,-2,0,0.33,2,4,0,0,0,0,0,1,14,14.3,11:20,50
Mikkel Boedker,L,L,20,2,2,4,-1,0,0.2,1,3,0,0,1,1,0,0,29,6.9,9:43,25
Aleksi Saarela,L,C,9,2,2,4,2,0,0.44,2,3,0,1,0,0,0,0,15,13.3,12:15,35.3
Givani Smith,L,R,24,2,2,4,-3,9,0.17,2,4,0,0,0,0,0,0,24,8.3,9:37,--
Brendan Perlini,L,L,40,1,3,4,-18,10,0.1,1,4,0,0,0,0,0,0,48,2.1,10:42,--
Cameron Gaunce,L,D,3,1,3,4,2,4,1.33,1,4,0,0,0,0,0,0,5,20,11:52,--
Dakota Mermis,L,D,10,1,3,4,7,4,0.4,1,4,0,0,0,0,0,0,17,5.9,19:13,--
Josh Mahura,L,D,11,1,3,4,-3,2,0.36,1,4,0,0,0,0,0,0,11,9.1,16:14,--
Korbinian Holzer,R,D,49,1,3,4,-2,37,0.08,1,3,0,0,0,1,0,0,39,2.6,16:02,--
Martin Marincin,L,D,26,1,3,4,-1,14,0.15,1,4,0,0,0,0,0,1,28,3.6,15:12,--
Valentin Zykov,R,L,15,1,3,4,-2,6,0.27,0,3,1,1,0,0,0,0,19,5.3,12:13,0
Adam Brooks,L,C,8,1,3,4,0,0,0.5,0,3,1,1,0,0,0,0,3,33.3,7:56,50
Christian Djoos,L,D,15,1,3,4,0,0,0.27,1,3,0,1,0,0,0,0,19,5.3,18:03,--
Alexander True,L,C,12,0,4,4,1,2,0.33,0,4,0,0,0,0,0,0,12,0,10:00,46.4
Dryden Hunt,L,L,21,0,4,4,0,24,0.19,0,4,0,0,0,0,0,0,33,0,10:30,--
Matt Irwin,L,D,38,0,4,4,-14,17,0.11,0,4,0,0,0,0,0,0,60,0,14:39,--
Erik Brannstrom,L,D,31,0,4,4,-9,16,0.13,0,3,0,1,0,0,0,0,38,0,14:51,--
Colin Wilson,L,C,9,0,4,4,6,0,0.44,0,4,0,0,0,0,0,0,12,0,12:38,42.9
Roman Polak,R,D,41,0,4,4,-6,24,0.1,0,4,0,0,0,0,0,0,34,0,16:40,--
Isac Lundestrom,L,C,17,0,4,4,-3,0,0.24,0,3,0,1,0,0,0,0,10,0,13:44,47.2
Ilya Lyubushkin,R,D,51,0,4,4,4,18,0.08,0,4,0,0,0,0,0,0,41,0,14:11,--
Matt Tennyson,R,D,27,0,4,4,5,8,0.15,0,4,0,0,0,0,0,0,22,0,12:23,--
Kieffer Bellows,L,L,14,2,1,3,4,2,0.21,2,3,0,0,0,0,0,1,18,11.1,10:15,100
Austin Czarnik,R,C,8,2,1,3,1,0,0.38,1,2,1,1,0,0,0,0,9,22.2,10:11,33.3
John Moore,L,D,24,2,1,3,-2,11,0.13,2,3,0,0,0,0,0,0,33,6.1,16:33,--
Joel Kiviranta,L,L,12,2,1,3,1,4,0.25,1,2,1,1,0,0,0,0,15,13.3,10:45,--
Stefan Matteau,L,C,9,2,1,3,0,5,0.33,2,3,0,0,0,0,0,0,18,11.1,12:22,--
Martin Kaut,R,R,10,2,1,3,-1,4,0.3,1,2,1,1,0,0,0,0,13,15.4,9:42,100
Dylan Cozens,R,C,7,2,1,3,2,0,0.43,1,2,1,1,0,0,0,0,7,28.6,12:24,50
Andrew Agozzino,L,L,22,1,2,3,3,4,0.14,1,3,0,0,0,0,0,0,10,10,7:21,50.7
Mikhail Vorobyev,L,C,20,1,2,3,-5,6,0.15,1,3,0,0,0,0,0,0,15,6.7,10:26,55.7
Luke Schenn,R,D,28,1,2,3,-8,28,0.11,1,3,0,0,0,0,0,0,35,2.9,12:15,--
Andrew Peeke,R,D,22,1,2,3,1,4,0.14,1,3,0,0,0,0,0,0,23,4.4,13:51,--
Luke Witkowski,R,R,12,1,2,3,-4,13,0.25,1,3,0,0,0,0,0,0,10,10,8:48,--
Connor Bunnaman,L,C,25,1,2,3,7,2,0.12,1,3,0,0,0,0,0,0,22,4.6,9:42,42.5
Jeremy Lauzon,L,D,26,1,2,3,1,31,0.12,1,3,0,0,0,0,0,0,32,3.1,16:44,--
Rudolfs Balcers,L,L,15,1,2,3,-2,0,0.2,1,3,0,0,0,0,0,1,23,4.4,12:08,0
Vladimir Sobotka,L,C,16,1,2,3,2,4,0.19,1,3,0,0,0,0,0,0,23,4.4,14:16,55.7
Yannick Weber,R,D,41,1,2,3,-1,14,0.07,1,3,0,0,0,0,0,1,45,2.2,14:01,--
Rasmus Asplund,L,C,30,1,2,3,-4,6,0.1,1,2,0,0,0,1,0,0,38,2.6,10:43,43
Nicholas Merkley,L,R,6,1,2,3,1,2,0.5,1,3,0,0,0,0,0,0,11,9.1,11:23,100
Dennis Gilbert,L,D,22,1,2,3,-8,38,0.14,1,3,0,0,0,0,0,0,12,8.3,15:27,--
Dylan Sikura,L,R,9,1,2,3,1,0,0.33,1,3,0,0,0,0,0,0,10,10,9:54,0
Michael McLeod,R,C,19,1,2,3,5,6,0.16,1,3,0,0,0,0,0,0,19,5.3,10:57,47.9
Nic Petan,L,C,16,0,3,3,-4,4,0.19,0,3,0,0,0,0,0,0,19,0,11:07,25
Michael Rasmussen,L,C,6,0,3,3,-3,2,0.5,0,2,0,1,0,0,0,0,6,0,11:58,50
Christian Jaros,R,D,13,0,3,3,-2,6,0.23,0,2,0,0,0,1,0,0,5,0,10:31,--
Andreas Englund,L,D,24,0,3,3,-8,12,0.13,0,3,0,0,0,0,0,0,10,0,10:54,--
Julien Gauthier,R,R,20,0,3,3,-1,8,0.15,0,3,0,0,0,0,0,0,14,0,8:20,25
Alex Biega,R,D,50,0,3,3,-9,24,0.06,0,3,0,0,0,0,0,0,56,0,16:20,--
Liam Foudy,L,C,10,0,3,3,3,0,0.3,0,3,0,0,0,0,0,0,20,0,14:08,40
Justin Abdelkader,L,L,49,0,3,3,-14,25,0.06,0,3,0,0,0,0,0,0,40,0,11:32,55.1
Calle Rosen,L,D,12,0,3,3,0,4,0.25,0,3,0,0,0,0,0,0,14,0,13:35,--
Connor Clifton,R,D,33,2,0,2,5,14,0.06,2,2,0,0,0,0,0,0,23,8.7,14:35,--
Logan O'Connor,R,R,16,2,0,2,0,2,0.13,2,2,0,0,0,0,0,1,15,13.3,8:26,0
Philipp Kurashev,L,C,7,2,0,2,-2,0,0.29,2,2,0,0,0,0,0,0,10,20,12:49,--
Gerald Mayhew,R,C,13,2,0,2,4,2,0.15,2,2,0,0,0,0,0,0,16,12.5,11:33,50
Tyler Graovac,L,C,8,2,0,2,-2,2,0.25,0,0,2,2,0,0,0,0,5,40,6:16,36.4
Sam Carrick,R,C,9,1,1,2,-3,0,0.22,0,1,0,0,1,1,0,0,16,6.3,13:46,45.8
Fredrik Claesson,L,D,5,1,1,2,1,0,0.4,1,2,0,0,0,0,0,0,1,100,14:29,--
Nathan Bastian,R,R,7,1,1,2,2,2,0.29,1,2,0,0,0,0,0,0,8,12.5,12:22,37.5
Nathan Walker,L,L,5,1,1,2,-2,4,0.4,1,2,0,0,0,0,0,0,6,16.7,11:08,100
Alexander Romanov,L,D,7,1,1,2,5,4,0.29,1,1,0,1,0,0,0,0,19,5.3,19:02,--
Daniel Carr,L,L,13,1,1,2,-4,4,0.15,1,2,0,0,0,0,0,0,17,5.9,10:21,0
Charles Hudon,L,L,15,1,1,2,-9,0,0.13,1,2,0,0,0,0,0,1,22,4.6,11:32,25
Cole Bardreau,R,C,10,1,1,2,-2,6,0.2,1,2,0,0,0,0,0,1,10,10,8:52,42
Adam Johnson,L,C,7,1,1,2,-1,2,0.29,1,2,0,0,0,0,0,0,5,20,6:42,--
Ty Dellandrea,R,C,4,1,1,2,1,6,0.5,0,1,1,1,0,0,0,0,3,33.3,15:48,56.8
Christian Folin,R,D,16,1,1,2,-1,13,0.13,1,2,0,0,0,0,0,0,13,7.7,14:26,--
Mikhail Grigorenko,L,C,8,1,1,2,-2,2,0.25,1,2,0,0,0,0,0,0,10,10,14:43,28.6
Yegor Sharangovich,L,C,7,1,1,2,0,0,0.29,1,2,0,0,0,0,1,1,6,16.7,15:09,25.8
Lias Andersson,L,C,23,1,1,2,-9,10,0.09,1,2,0,0,0,0,0,0,20,5,10:04,43.4
Cody Goloubef,R,D,26,1,1,2,-3,8,0.08,1,2,0,0,0,0,0,0,18,5.6,15:11,--
Jack Studnicka,R,C,8,1,1,2,0,2,0.25,1,2,0,0,0,0,0,0,9,11.1,13:10,52.6
K'Andre Miller,L,D,7,1,1,2,6,2,0.29,1,2,0,0,0,0,0,0,10,10,17:44,--
Mikey Anderson,L,D,14,1,1,2,3,4,0.14,1,2,0,0,0,0,0,1,11,9.1,19:51,--
Ryan Poehling,L,C,27,1,1,2,-4,4,0.07,1,2,0,0,0,0,0,0,26,3.9,10:20,20
Scott Wilson,L,L,6,1,1,2,1,2,0.33,1,2,0,0,0,0,0,0,8,12.5,11:38,--
Nick Caamano,L,R,16,1,1,2,1,4,0.13,1,2,0,0,0,0,0,0,19,5.3,9:43,50
Jacob Middleton,L,D,11,0,2,2,-4,11,0.18,0,2,0,0,0,0,0,0,10,0,10:35,--
Keegan Kolesar,R,R,8,0,2,2,-1,0,0.25,0,2,0,0,0,0,0,0,5,0,6:55,22.2
Zach Senyshyn,R,R,4,0,2,2,1,0,0.5,0,2,0,0,0,0,0,0,1,0,8:26,100
Kale Clague,L,D,10,0,2,2,-3,6,0.2,0,2,0,0,0,0,0,0,9,0,15:57,--
Mathieu Olivier,R,R,13,0,2,2,3,6,0.15,0,2,0,0,0,0,0,0,9,0,8:35,100
John Leonard,L,L,7,0,2,2,-5,0,0.29,0,2,0,0,0,0,0,0,9,0,13:04,--
Alexander Volkov,L,R,12,0,2,2,-7,6,0.17,0,2,0,0,0,0,0,0,8,0,10:12,25
Matthew Peca,L,C,14,0,2,2,-4,0,0.14,0,2,0,0,0,0,0,0,7,0,10:27,54.4
Zach Whitecloud,R,D,23,0,2,2,4,4,0.09,0,2,0,0,0,0,0,0,21,0,15:45,--
Kiefer Sherwood,R,L,12,0,2,2,-1,6,0.17,0,2,0,0,0,0,0,0,19,0,12:40,80
Jesse Puljujarvi,R,R,9,0,2,2,-4,4,0.22,0,1,0,1,0,0,0,0,26,0,13:45,0
Brandon Pirri,L,C,17,0,2,2,-6,8,0.12,0,2,0,0,0,0,0,0,26,0,12:30,60
Joel Hanley,L,D,9,0,2,2,0,6,0.22,0,2,0,0,0,0,0,0,4,0,11:22,--
Xavier Ouellet,L,D,12,0,2,2,0,4,0.17,0,2,0,0,0,0,0,0,8,0,13:54,--
Joe Hicketts,L,D,6,0,2,2,-5,2,0.33,0,2,0,0,0,0,0,0,6,0,18:17,--
Tomas Jurco,L,R,12,0,2,2,1,4,0.17,0,2,0,0,0,0,0,0,7,0,9:59,50
Mark Barberio,L,D,21,0,2,2,3,16,0.1,0,2,0,0,0,0,0,0,29,0,14:06,--
Nico Sturm,L,C,12,0,2,2,0,0,0.17,0,2,0,0,0,0,0,0,14,0,10:18,51.7
Sven Baertschi,L,L,6,0,2,2,-2,4,0.33,0,0,0,2,0,0,0,0,7,0,11:49,--
Joel Persson,R,D,13,0,2,2,-1,2,0.15,0,2,0,0,0,0,0,0,17,0,15:19,--
Steven Kampfer,R,D,10,0,2,2,2,2,0.2,0,0,0,2,0,0,0,0,13,0,13:38,--
Tanner Kero,L,C,3,0,2,2,1,0,0.67,0,2,0,0,0,0,0,0,4,0,14:38,75
Brandon Manning,L,D,9,1,0,1,-1,17,0.11,1,1,0,0,0,0,0,0,8,12.5,11:03,--
Tim Stützle,L,L,5,1,0,1,-5,2,0.2,1,1,0,0,0,0,0,0,5,20,13:34,50
Patrick Brown,R,C,1,1,0,1,0,0,1,1,1,0,0,0,0,0,0,2,50,10:04,--
Colby Cave,L,C,11,1,0,1,-3,4,0.09,1,1,0,0,0,0,0,0,5,20,9:39,46.8
Olli Juolevi,L,D,7,1,0,1,2,0,0.14,1,1,0,0,0,0,0,0,5,20,12:53,--
Lukas Vejdemo,L,C,7,1,0,1,0,0,0.14,1,1,0,0,0,0,0,0,7,14.3,8:01,20
Joel L'Esperance,R,C,4,1,0,1,0,2,0.25,1,1,0,0,0,0,0,0,2,50,7:45,0
David Gustafsson,L,C,24,1,0,1,-3,0,0.04,1,1,0,0,0,0,0,1,5,20,6:05,54.2
Cale Fleury,R,D,41,1,0,1,-4,6,0.02,1,1,0,0,0,0,0,0,45,2.2,14:21,--
Andrew Ladd,L,L,4,1,0,1,2,4,0.25,1,1,0,0,0,0,0,0,5,20,11:58,--
Troy Brouwer,R,R,13,1,0,1,1,7,0.08,1,1,0,0,0,0,0,0,12,8.3,9:28,50
Egor Korshkov,L,R,1,1,0,1,1,0,1,1,1,0,0,0,0,0,0,1,100,10:08,--
Miikka Salomaki,L,R,5,1,0,1,2,4,0.2,1,1,0,0,0,0,0,1,2,50,12:09,--
Nate Prosser,R,D,1,1,0,1,1,0,1,1,1,0,0,0,0,0,0,1,100,13:12,--
Klim Kostin,L,C,4,1,0,1,1,0,0.25,1,1,0,0,0,0,0,0,5,20,8:32,--
Micheal Haley,L,L,23,1,0,1,-7,55,0.04,1,1,0,0,0,0,0,0,9,11.1,5:37,53.9
Oliver Wahlstrom,R,R,10,1,0,1,-1,6,0.1,1,1,0,0,0,0,0,0,10,10,10:21,0
Kyle Capobianco,L,D,11,1,0,1,-3,4,0.09,1,1,0,0,0,0,0,0,13,7.7,14:42,--
David Kase,L,R,6,1,0,1,1,0,0.17,1,1,0,0,0,0,0,1,5,20,9:47,100
Buddy Robinson,R,R,5,1,0,1,0,7,0.2,1,1,0,0,0,0,0,0,6,16.7,12:14,--
Jani Hakanpaa,R,D,13,1,0,1,5,6,0.08,1,1,0,0,0,0,0,0,10,10,18:06,--
Gemel Smith,L,C,3,1,0,1,0,4,0.33,1,1,0,0,0,0,0,0,1,100,9:10,65
Maxim Letunov,L,C,3,1,0,1,0,0,0.33,1,1,0,0,0,0,0,0,3,33.3,9:05,50
Carsen Twarynski,L,L,15,1,0,1,-2,4,0.07,1,1,0,0,0,0,0,0,14,7.1,10:41,0
Anthony Angello,R,C,8,1,0,1,-1,4,0.13,1,1,0,0,0,0,0,0,5,20,5:43,0
Vitaly Abramov,L,L,2,1,0,1,0,2,0.5,1,1,0,0,0,0,0,0,3,33.3,5:47,--
Alexis Lafrenière,L,L,7,1,0,1,-2,2,0.14,1,1,0,0,0,0,1,1,13,7.7,15:29,50
Alan Quine,L,C,9,1,0,1,-1,4,0.11,1,1,0,0,0,0,0,0,12,8.3,9:48,100
Carl Dahlstrom,L,D,15,0,1,1,-4,6,0.07,0,1,0,0,0,0,0,0,9,0,14:46,--
Lucas Carlsson,L,D,8,0,1,1,3,0,0.13,0,1,0,0,0,0,0,0,4,0,14:02,--
Ryan MacInnis,L,C,10,0,1,1,1,0,0.1,0,1,0,0,0,0,0,0,13,0,9:21,37
Juuso Valimaki,L,D,6,0,1,1,-4,4,0.17,0,1,0,0,0,0,0,0,7,0,16:30,--
Timothy Liljegren,R,D,11,0,1,1,-5,2,0.09,0,1,0,0,0,0,0,0,2,0,10:18,--
Jordan Gross,R,D,4,0,1,1,2,0,0.25,0,1,0,0,0,0,0,0,9,0,16:12,--
Brandon Hagel,L,L,6,0,1,1,-1,2,0.17,0,1,0,0,0,0,0,0,10,0,11:38,--
Bowen Byram,L,D,5,0,1,1,0,4,0.2,0,1,0,0,0,0,0,0,10,0,16:46,--
Kevan Miller,R,D,7,0,1,1,-1,7,0.14,0,1,0,0,0,0,0,0,8,0,18:43,--
Paul LaDue,R,D,2,0,1,1,0,0,0.5,0,1,0,0,0,0,0,0,2,0,12:48,--
Jakub Zboril,L,D,7,0,1,1,1,2,0.14,0,0,0,1,0,0,0,0,7,0,18:52,--
Brendan Gaunce,L,C,1,0,1,1,1,2,1,0,1,0,0,0,0,0,0,0,--,9:10,0
Pierre-Olivier Joseph,L,D,4,0,1,1,1,0,0.25,0,1,0,0,0,0,0,0,6,0,14:05,--
Chris Stewart,R,R,16,0,1,1,-7,21,0.06,0,1,0,0,0,0,0,0,5,0,7:47,--
Tage Thompson,R,R,5,0,1,1,-2,2,0.2,0,1,0,0,0,0,0,0,5,0,13:09,50
T.J. Tynan,R,C,16,0,1,1,-1,2,0.06,0,1,0,0,0,0,0,0,7,0,8:28,16.7
Trent Frederic,L,C,9,0,1,1,1,0,0.11,0,1,0,0,0,0,0,0,8,0,10:34,33.3
Jonny Brodzinski,R,C,3,0,1,1,0,0,0.33,0,1,0,0,0,0,0,0,5,0,7:24,0
Niko Mikkola,L,D,8,0,1,1,2,0,0.13,0,1,0,0,0,0,0,0,12,0,13:20,--
Gustav Lindstrom,R,D,16,0,1,1,-6,14,0.06,0,0,0,1,0,0,0,0,9,0,16:32,--
Brogan Rafferty,R,D,1,0,1,1,-1,0,1,0,1,0,0,0,0,0,0,1,0,13:58,--
Pontus Aberg,R,L,5,0,1,1,0,0,0.2,0,1,0,0,0,0,0,0,4,0,8:42,--
Clark Bishop,L,C,5,0,1,1,-2,4,0.2,0,1,0,0,0,0,0,0,4,0,7:39,38.2
Mason Marchment,L,L,4,0,1,1,0,0,0.25,0,1,0,0,0,0,0,0,3,0,8:05,100
Jason Robertson,L,L,5,0,1,1,0,0,0.2,0,0,0,1,0,0,0,0,4,0,11:17,--
Tyler Benson,L,L,7,0,1,1,-1,0,0.14,0,1,0,0,0,0,0,0,5,0,10:23,100
Brian Lashoff,L,D,9,0,1,1,1,6,0.11,0,1,0,0,0,0,0,0,6,0,14:33,--
Aaron Ness,L,D,24,0,1,1,1,0,0.04,0,1,0,0,0,0,0,0,11,0,12:32,--
J.C. Beaudin,R,C,22,0,1,1,-4,7,0.05,0,1,0,0,0,0,0,0,18,0,8:38,52.5
Gage Quinney,L,C,3,0,1,1,-1,0,0.33,0,1,0,0,0,0,0,0,2,0,9:43,47.1
Ian Mitchell,R,D,8,0,1,1,-7,2,0.13,0,1,0,0,0,0,0,0,5,0,13:41,--
Nick Seeler,L,D,12,0,1,1,-8,15,0.08,0,1,0,0,0,0,0,0,5,0,11:56,--
Michael Sgarbossa,L,C,4,0,1,1,1,0,0.25,0,1,0,0,0,0,0,0,3,0,10:08,36.8
Cory Conacher,L,C,4,0,1,1,-2,4,0.25,0,1,0,0,0,0,0,0,5,0,11:05,--
Lean Bergmann,L,C,12,0,1,1,-6,4,0.08,0,1,0,0,0,0,0,0,11,0,8:16,0
Andy Andreoff,L,C,14,0,1,1,-3,2,0.07,0,1,0,0,0,0,0,0,14,0,8:32,50
Peter Cehlarik,L,L,3,0,1,1,-1,2,0.33,0,1,0,0,0,0,0,0,0,--,11:16,50
Martin Fehervary,L,D,6,0,1,1,-2,6,0.17,0,1,0,0,0,0,0,0,7,0,15:59,--
Jonathan Davidsson,R,R,6,0,1,1,0,0,0.17,0,1,0,0,0,0,0,0,3,0,5:31,--
Mark Friedman,R,D,9,0,1,1,-1,6,0.11,0,1,0,0,0,0,0,0,3,0,12:50,--
Tim Gettinger,L,L,2,0,1,1,1,0,0.5,0,1,0,0,0,0,0,0,3,0,8:23,0
Anton Lindholm,L,D,4,0,1,1,1,0,0.25,0,1,0,0,0,0,0,0,1,0,11:47,--
Janne Kuokkanen,L,L,8,0,1,1,1,4,0.13,0,1,0,0,0,0,0,0,4,0,11:42,0
Drew O'Connor,L,L,2,0,1,1,1,0,0.5,0,1,0,0,0,0,0,0,1,0,11:06,100
Ben Street,L,C,3,0,1,1,1,0,0.33,0,1,0,0,0,0,0,0,4,0,8:08,45.5
Max McCormick,L,L,1,0,0,0,0,0,0,0,0,0,0,0,0,0,0,1,0,7:18,--
Brett Seney,L,L,2,0,0,0,-1,0,0,0,0,0,0,0,0,0,0,1,0,9:56,0
Austin Poganski,R,R,1,0,0,0,0,0,0,0,0,0,0,0,0,0,0,0,--,5:54,--
Callan Foote,R,D,3,0,0,0,2,0,0,0,0,0,0,0,0,0,0,3,0,11:47,--
Alexandre Carrier,R,D,3,0,0,0,2,2,0,0,0,0,0,0,0,0,0,4,0,10:47,--
Kevin Czuczman,L,D,1,0,0,0,-2,0,0,0,0,0,0,0,0,0,0,1,0,12:41,--
Tobias Bjornfot,L,D,3,0,0,0,-4,0,0,0,0,0,0,0,0,0,0,0,--,12:58,--
Brandon Davidson,L,D,12,0,0,0,-3,0,0,0,0,0,0,0,0,0,0,17,0,12:29,--
Victor Soderstrom,R,D,2,0,0,0,1,0,0,0,0,0,0,0,0,0,0,1,0,13:41,--
Boo Nieves,L,C,4,0,0,0,2,4,0,0,0,0,0,0,0,0,0,2,0,7:32,73.7
Jalen Chatfield,R,D,4,0,0,0,0,4,0,0,0,0,0,0,0,0,0,2,0,12:07,--
Anthony Richard,L,C,1,0,0,0,-1,0,0,0,0,0,0,0,0,0,0,2,0,4:10,--
Colton White,L,D,6,0,0,0,-2,4,0,0,0,0,0,0,0,0,0,2,0,13:59,--
Justin Bailey,R,R,2,0,0,0,0,0,0,0,0,0,0,0,0,0,0,1,0,5:20,--
Maxime Lajoie,L,D,6,0,0,0,0,0,0,0,0,0,0,0,0,0,0,3,0,7:49,--
Lawrence Pilut,L,D,13,0,0,0,-4,4,0,0,0,0,0,0,0,0,0,6,0,16:14,--
Owen Tippett,R,R,3,0,0,0,-3,4,0,0,0,0,0,0,0,0,0,2,0,10:26,--
Paul Carey,L,C,1,0,0,0,-1,0,0,0,0,0,0,0,0,0,0,0,--,6:22,--
John Gilmour,L,D,4,0,0,0,-2,0,0,0,0,0,0,0,0,0,0,5,0,17:03,--
Samuel Morin,L,L,1,0,0,0,-1,0,0,0,0,0,0,0,0,0,0,0,--,12:32,--
Jake Bischoff,L,D,4,0,0,0,-2,4,0,0,0,0,0,0,0,0,0,6,0,15:36,--
Jaret Anderson-Dolan,L,C,4,0,0,0,-1,0,0,0,0,0,0,0,0,0,0,2,0,10:16,38.5
John Quenneville,L,C,9,0,0,0,-1,0,0,0,0,0,0,0,0,0,0,14,0,11:03,75
William Lagesson,L,D,9,0,0,0,-4,0,0,0,0,0,0,0,0,0,0,8,0,11:48,--
Nikolai Knyzhov,L,D,11,0,0,0,-4,6,0,0,0,0,0,0,0,0,0,5,0,10:28,--
Anton Blidh,L,L,7,0,0,0,-1,0,0,0,0,0,0,0,0,0,0,9,0,11:31,0
Gabriel Dumont,R,C,3,0,0,0,-1,0,0,0,0,0,0,0,0,0,0,3,0,11:30,40
Steven Santini,R,D,2,0,0,0,1,2,0,0,0,0,0,0,0,0,0,1,0,9:33,--
Ashton Sautner,L,D,1,0,0,0,0,0,0,0,0,0,0,0,0,0,0,1,0,2:49,--
Christian Wolanin,L,D,7,0,0,0,-2,2,0,0,0,0,0,0,0,0,0,8,0,15:52,--
Jonathan Ericsson,L,D,18,0,0,0,-12,4,0,0,0,0,0,0,0,0,0,16,0,14:15,--
Nicholas Robertson,L,L,1,0,0,0,0,0,0,0,0,0,0,0,0,0,0,1,0,2:20,--
Sheldon Rempal,R,R,1,0,0,0,0,0,0,0,0,0,0,0,0,0,0,1,0,6:58,0
Mikko Lehtonen,L,D,3,0,0,0,-1,0,0,0,0,0,0,0,0,0,0,1,0,9:26,--
Calvin Thurkauf,L,C,3,0,0,0,0,0,0,0,0,0,0,0,0,0,0,1,0,8:15,100
Jean-Sebastien Dea,R,C,3,0,0,0,0,0,0,0,0,0,0,0,0,0,0,0,--,7:38,50
Cole Smith,L,L,1,0,0,0,0,0,0,0,0,0,0,0,0,0,0,1,0,5:57,--
Vinni Lettieri,R,C,1,0,0,0,1,0,0,0,0,0,0,0,0,0,0,2,0,13:45,--
Michael Chaput,L,C,2,0,0,0,-2,2,0,0,0,0,0,0,0,0,0,2,0,10:01,53.9
Andy Welinski,R,D,3,0,0,0,1,0,0,0,0,0,0,0,0,0,0,2,0,11:42,--
Joachim Blichfeld,R,R,3,0,0,0,-2,2,0,0,0,0,0,0,0,0,0,3,0,12:46,--
Nicolas Beaudin,L,D,2,0,0,0,2,0,0,0,0,0,0,0,0,0,0,2,0,13:26,--
Dalton Smith,L,L,1,0,0,0,1,2,0,0,0,0,0,0,0,0,0,0,--,1:26,--
Dalton Prout,R,D,2,0,0,0,0,7,0,0,0,0,0,0,0,0,0,2,0,12:49,--
Trevor Carrick,L,D,3,0,0,0,0,5,0,0,0,0,0,0,0,0,0,1,0,5:47,--
Kevin Connauton,L,D,4,0,0,0,-2,0,0,0,0,0,0,0,0,0,0,4,0,15:30,--
Brennan Menell,R,D,5,0,0,0,1,2,0,0,0,0,0,0,0,0,0,4,0,13:59,--
Jake Bean,L,D,1,0,0,0,0,0,0,0,0,0,0,0,0,0,0,1,0,12:13,--
Mark Alt,R,D,1,0,0,0,0,2,0,0,0,0,0,0,0,0,0,2,0,11:32,--
Evgeny Svechnikov,L,R,4,0,0,0,-1,2,0,0,0,0,0,0,0,0,0,7,0,8:20,--
Mark Letestu,R,C,7,0,0,0,0,0,0,0,0,0,0,0,0,0,0,5,0,10:36,54.4
Otto Leskinen,L,D,5,0,0,0,0,0,0,0,0,0,0,0,0,0,0,2,0,10:18,--
Nikolay Goldobin,L,R,1,0,0,0,0,0,0,0,0,0,0,0,0,0,0,0,--,8:37,--
Alexander Yelesin,R,D,4,0,0,0,0,0,0,0,0,0,0,0,0,0,0,2,0,12:30,--
Rhett Gardner,L,C,10,0,0,0,-1,4,0,0,0,0,0,0,0,0,0,9,0,9:39,45.3
Nicolas Meloche,R,D,1,0,0,0,1,0,0,0,0,0,0,0,0,0,0,0,--,5:43,--
Gustav Olofsson,L,D,3,0,0,0,-4,2,0,0,0,0,0,0,0,0,0,2,0,8:06,--
Steven Lorentz,L,C,1,0,0,0,0,0,0,0,0,0,0,0,0,0,0,1,0,14:41,--
Alexander Barabanov,L,L,5,0,0,0,0,0,0,0,0,0,0,0,0,0,0,2,0,5:45,--
Derrick Pouliot,L,D,2,0,0,0,-1,2,0,0,0,0,0,0,0,0,0,1,0,8:20,--
Max Veronneau,R,R,4,0,0,0,-2,0,0,0,0,0,0,0,0,0,0,3,0,8:25,--
Ryan Lomberg,L,L,1,0,0,0,0,0,0,0,0,0,0,0,0,0,0,1,0,11:27,--
Conor Timmins,R,D,7,0,0,0,0,0,0,0,0,0,0,0,0,0,0,7,0,11:46,--
Thomas Di Pauli,L,C,2,0,0,0,-3,10,0,0,0,0,0,0,0,0,0,2,0,5:59,--
Steven Fogarty,R,C,7,0,0,0,-1,0,0,0,0,0,0,0,0,0,0,2,0,5:53,66.7
Lukas Radil,R,C,14,0,0,0,-3,8,0,0,0,0,0,0,0,0,0,12,0,9:24,25
Andrei Chibisov,L,R,2,0,0,0,0,0,0,0,0,0,0,0,0,0,0,1,0,7:27,--
Beck Malenstyn,L,L,3,0,0,0,-1,0,0,0,0,0,0,0,0,0,0,4,0,9:16,--
Karl Alzner,L,D,4,0,0,0,-1,0,0,0,0,0,0,0,0,0,0,4,0,13:55,--
Brian Gibbons,L,C,15,0,0,0,-7,4,0,0,0,0,0,0,0,0,0,9,0,9:46,--
Jake Walman,L,D,1,0,0,0,1,0,0,0,0,0,0,0,0,0,0,1,0,11:04,--
Jordan Szwarz,R,C,3,0,0,0,0,2,0,0,0,0,0,0,0,0,0,2,0,4:55,44.4
Tyler Lewington,R,D,6,0,0,0,-2,17,0,0,0,0,0,0,0,0,0,2,0,10:10,--
Joona Luoto,L,L,16,0,0,0,-3,2,0,0,0,0,0,0,0,0,0,9,0,6:35,--
Cameron Hughes,L,C,1,0,0,0,-1,0,0,0,0,0,0,0,0,0,0,0,--,9:53,--
Josh Jacobs,R,D,2,0,0,0,1,2,0,0,0,0,0,0,0,0,0,3,0,16:36,--
Gustav Forsling,L,D,3,0,0,0,1,0,0,0,0,0,0,0,0,0,0,3,0,15:15,--
Fredrik Handemark,L,C,1,0,0,0,-1,0,0,0,0,0,0,0,0,0,0,0,--,9:44,40
Luke Johnson,R,C,3,0,0,0,-3,0,0,0,0,0,0,0,0,0,0,1,0,11:35,50
Dylan McIlrath,R,D,16,0,0,0,-4,23,0,0,0,0,0,0,0,0,0,14,0,14:49,--
Mathias Brome,L,L,8,0,0,0,-4,4,0,0,0,0,0,0,0,0,0,4,0,13:42,0
Chase De Leo,L,C,1,0,0,0,0,0,0,0,0,0,0,0,0,0,0,1,0,14:59,0
Kole Sherwood,R,R,3,0,0,0,0,2,0,0,0,0,0,0,0,0,0,6,0,6:38,0
German Rubtsov,L,C,4,0,0,0,-1,0,0,0,0,0,0,0,0,0,0,1,0,6:48,42.9
Connor McMichael,L,C,1,0,0,0,0,2,0,0,0,0,0,0,0,0,0,1,0,9:54,100
Kevin Gravel,L,D,3,0,0,0,0,0,0,0,0,0,0,0,0,0,0,2,0,11:05,--
Otto Koivula,L,L,12,0,0,0,0,2,0,0,0,0,0,0,0,0,0,4,0,7:55,36.9
Brian Pinho,R,C,2,0,0,0,-2,0,0,0,0,0,0,0,0,0,0,3,0,7:49,57.1
Henrik Borgstrom,L,C,4,0,0,0,-2,2,0,0,0,0,0,0,0,0,0,3,0,12:23,48.2
Logan Stanley,L,D,6,0,0,0,3,4,0,0,0,0,0,0,0,0,0,12,0,11:49,--
Kristian Vesalainen,L,L,1,0,0,0,0,0,0,0,0,0,0,0,0,0,0,0,--,9:22,--
CJ Suess,L,L,1,0,0,0,-1,0,0,0,0,0,0,0,0,0,0,0,--,6:26,25
Sheldon Dries,L,C,5,0,0,0,-2,0,0,0,0,0,0,0,0,0,0,2,0,6:52,66.7
Anton Wedin,L,L,4,0,0,0,1,4,0,0,0,0,0,0,0,0,0,2,0,9:04,--
Jayson Megna,R,C,8,0,0,0,-1,2,0,0,0,0,0,0,0,0,0,4,0,6:43,0
Marko Dano,L,L,3,0,0,0,-1,2,0,0,0,0,0,0,0,0,0,2,0,7:10,--
Zach Trotman,R,D,8,0,0,0,-1,4,0,0,0,0,0,0,0,0,0,11,0,14:43,--
Riley Barber,R,R,9,0,0,0,-1,2,0,0,0,0,0,0,0,0,0,6,0,8:15,100
Urho Vaakanainen,L,D,5,0,0,0,2,0,0,0,0,0,0,0,0,0,0,2,0,16:51,--
Gabriel Carlsson,L,D,6,0,0,0,-1,2,0,0,0,0,0,0,0,0,0,3,0,10:53,--
Danil Yurtaykin,R,L,4,0,0,0,-1,0,0,0,0,0,0,0,0,0,0,2,0,13:00,--
Nikita Nesterov,L,D,6,0,0,0,-4,2,0,0,0,0,0,0,0,0,0,4,0,15:34,--